"CASE","SERIAL","REF","QUESTNNR","MODE","LANGUAGE","STARTED","MED_TÖNE","DE01","DE02_01","DE03","DE04","ME02","ME01","ME03","ME04","ME05","ME05_01","ME05_02","ME05_03","ME05_04","ME05_07","ME05_08","ME05_05","ME05_05a","ME05_06","ME05_06a","ME05_09","ME06","ME06_01","ME06_02","ME06_03","ME06_04","ME06_05","ME06_05a","ME07","ME08","PT01","PT02_01","PT02_02","PT02_03","PT02_04","PT02_05","PT03_01","PT03_02","PT03_03","PT03_04","PT03_05","PT04_01","PT04_02","PT04_03","PT05_01","PT06_01","PT06_02","TIME001","TIME002","TIME003","TIME004","TIME_SUM","MAILSENT","LASTDATA","FINISHED","Q_VIEWER","LASTPAGE","MAXPAGE","MISSING","MISSREL","TIME_RSI","DEG_TIME","BF"
9,NA,"y28hc9","base","interview","ger","03.11.2016 20:59",48,1,24,1,NA,1,3,2,2,2,1,1,1,1,1,1,2,"Kundalini Meditation",2,"Merkabameditation",NA,1,2,1,1,1,NA,"",NA,NA,4,4,5,4,1,2,4,3,2,5,1,2,5,4,"Ich vermute ihr untersucht die Wirkung von Störtönen nach einer Meditation für Herzensgüte, Liebe und Wärme und versucht zu erfahren, ob das in Bezug mit Meditaitonspraxis steht.",NA,NA,20,7,115,314,456,NA,"03.11.2016 21:06",1,0,4,4,0,0,"0.81",4,1
10,NA,"fmbvda","base","interview","ger","04.11.2016 17:59",57,1,55,1,NA,1,3,1,4,2,2,1,1,1,1,1,2,"christl. kontemplation,jesusgebet",1,"",NA,3,2,2,1,2,NA,"",NA,NA,4,3,3,1,1,2,2,2,1,2,4,1,4,3,"Zum einen, welche Meditationsformen mehr Anklang, Zuspruch, Akzeptanz finden,
zum anderen, wie sie wirken.
Normalerweise liebe ich die Klangmeditation mit der Klangschale,aber beim Test konnte der Ton nicht ausschwingen, auch die Abfolge war unangenehm. Immer eine Klangart wäre besser.",NA,NA,34,11,84,211,340,NA,"04.11.2016 18:05",1,0,4,4,0,0,"0.71",0,1
11,NA,"3dgk5o","base","interview","ger","08.11.2016 11:21",48,2,27,1,NA,1,3,1,4,5,1,2,2,2,1,1,2,"Vipassana",2,"Samatha",NA,3,2,2,2,1,NA,"",NA,NA,3,4,4,1,2,2,3,4,1,2,3,4,3,3,"Priming durch Meditation?
Zusammenhang von Liebender Güte Meditation und der kognitiven/affektiven Bewertung von Akustischen Reizen?
Metta-Meditation hat einen Einfluss positiven Einfluss auf die individuelle Emotionsregulation?
Gibt es unterschiede in der im Wahrnehmung (aversiv/neutral/angenehm) der Klänge zwischen Teilnehmern mit Meditationserfahrung (und evtl. auch innerhalb dieser Gruppe bzgl. des angegebenen Praxis-Zeitraums) und Teilnehmern ohne Meditationserfahrung?
Empfinden (geübte) Meditierende mehr Liebende Güte und Mitgefühl als Personen ohne Meditationserfahrung? ",NA,NA,14,5,75,588,229,NA,"08.11.2016 11:32",1,0,4,4,0,0,"1.07",14,0.9605152894627086
12,NA,"0dgftt","base","interview","ger","08.11.2016 14:55",54,2,32,1,NA,1,4,1,2,2,2,2,1,1,1,1,1,"",1,"",NA,2,2,2,1,1,NA,"",NA,NA,3,2,4,4,2,2,2,3,4,3,3,3,3,3,"",NA,NA,90,9,95,147,269,NA,"08.11.2016 15:01",1,0,4,4,4,3,"0.72",0,1.0879863669389245
14,NA,"coa3md","base","interview","ger","11.11.2016 22:53",49,2,34,2,3,1,2,1,4,2,1,2,2,1,1,1,1,"",1,"",NA,1,1,2,1,1,NA,"",NA,NA,5,5,1,1,1,1,5,1,1,1,1,5,5,5,"Wirkung der Töne auf die Gefühlsempfindung",NA,NA,72,17,68,287,390,NA,"11.11.2016 23:00",1,0,4,4,0,0,"0.57",1,1.0407762519994816
16,NA,"voruv6","base","interview","ger","15.11.2016 20:29",55,2,26,1,NA,1,3,2,4,3,2,2,2,1,1,1,1,"",1,"",NA,2,2,2,1,1,NA,"",NA,NA,3,2,3,3,1,1,1,2,3,3,4,3,2,1,"keine Ahnung",NA,NA,15,4,58,233,310,NA,"15.11.2016 20:34",1,0,4,4,0,0,"1.31",21,1.2365026612251955
18,NA,"z8c3ud","base","interview","ger","16.11.2016 12:46",53,1,26,1,NA,1,4,1,5,1,1,1,1,1,1,1,2,"waldtradition (samatha/vipassana/metta)",1,"",NA,3,2,1,2,2,NA,"",NA,NA,4,5,5,1,1,1,5,5,2,1,2,4,4,4,"Wie das Wahrnehmen- können eigener Gefühle mit äußerm Input (Sprache/Klang) zusammen hängen könnte? Selbsteinschätzung....??",NA,NA,31,6,117,261,415,NA,"16.11.2016 12:52",1,0,4,4,0,0,"0.8",6,1.4230739492577071
19,NA,"tbgjzk","base","interview","ger","16.11.2016 16:19",52,2,45,1,NA,1,5,3,3,1,2,1,1,1,1,1,1,"",1,"",NA,3,2,2,2,1,NA,"",NA,NA,3,2,2,3,2,3,1,1,1,2,3,3,2,4,"",NA,NA,26,8,63,93,190,NA,"16.11.2016 16:22",1,0,4,4,4,3,"1.1",9,1.6049632637672868
21,NA,"184x5l","base","interview","ger","16.11.2016 17:08",51,1,65,1,NA,1,5,1,3,1,1,1,1,1,1,1,2,"",1,"",NA,1,2,1,1,1,NA,"",NA,NA,2,3,3,4,5,1,4,4,2,3,1,3,4,2,"Der Proband könnte 30 Minuten nur einen Ton hören und anschließend Angaben zu Farbwahrnehmung, emotionalem Zustand, spirituellem Zustand und Körpergefühl machen. Pro Testreihe und Tag sollte nur ein Klangschalenton getestet werden. Es geht darum wie jeder Ton den Menschen auf allen Ebenen verändert.,",NA,NA,72,13,74,770,240,NA,"16.11.2016 17:24",1,0,4,4,4,4,"0.52",0,1.7317276488941746
22,NA,"zztja2","base","interview","ger","16.11.2016 18:15",45,1,62,1,NA,1,5,2,4,3,2,1,1,1,1,1,2,"christliche Meditation",2,"",NA,1,2,1,1,1,NA,"",NA,NA,4,3,4,2,2,1,4,3,3,3,1,4,4,3,"1....DIE ENTSPANNUNG FOERDERN
2....RUHE & BALANCE IN GEDANKENGAENGEN
3    GEFUEHLSEBENE VON SOUND & REAKTION IN ENTSPANNUNG & RELAXION",NA,NA,35,15,159,340,256,NA,"16.11.2016 18:24",1,0,4,4,4,3,"0.49",0,1.195316481864263
24,NA,"zmcnse","base","interview","ger","16.11.2016 20:13",55,2,24,2,1,1,3,3,2,1,1,1,1,1,1,1,2,"spiritual",1,"",NA,1,2,1,1,1,NA,"",NA,NA,2,1,2,2,2,3,2,2,3,3,3,2,2,3,"",NA,NA,31,33,94,66,200,NA,"16.11.2016 20:17",1,0,4,4,4,3,"0.91",13,1.437812646257498
26,NA,"rqh3t9","base","interview","ger","18.11.2016 16:51",44,2,72,2,3,1,5,4,2,2,1,2,1,1,1,1,1,"",2,"",NA,2,2,2,1,1,NA,"",NA,NA,5,4,4,1,1,1,5,4,1,1,1,4,5,4,"die Auswirkngen der Klangschalen wähend des Meditierens ..",NA,NA,81,16,83,283,400,NA,"18.11.2016 16:59",1,0,4,4,4,3,"0.53",0,1.0573822814370641
28,NA,"34qtns","base","interview","ger","19.11.2016 18:15",56,2,37,1,NA,1,2,2,4,3,1,2,2,1,1,1,2,"Vipassana",1,"",NA,2,2,2,1,1,NA,"",NA,NA,3,4,3,1,1,1,3,3,1,1,3,4,2,4,"Quanten...",NA,NA,20,6,75,136,237,NA,"19.11.2016 18:19",1,0,4,4,0,0,"1.08",6,1.2571517883394303
29,NA,"0nqy1e","base","interview","ger","19.11.2016 18:44",50,1,17,1,NA,2,NA,NA,NA,NA,NA,NA,NA,NA,NA,NA,NA,"",NA,"",NA,NA,NA,NA,NA,NA,NA,"",NA,NA,2,3,2,1,1,3,3,1,1,1,3,2,4,5,"wie man jemanden entspannen kann und wie man einen unentspannen kann",NA,NA,13,19,NA,160,192,NA,"19.11.2016 18:47",1,0,3,4,0,0,"0.9",6,1.2578694346985444
30,NA,"gaer8y","base","interview","ger","21.11.2016 15:12",52,1,17,1,NA,1,3,4,1,1,1,1,1,2,1,1,1,"",1,"",NA,1,1,2,1,1,NA,"",NA,NA,2,3,1,5,2,3,2,1,1,1,3,5,3,1,"Funktionsweisen von Meditation, bzw. Auslöser und Reaktionen bei Meditationen",NA,NA,20,5,36,109,170,NA,"21.11.2016 15:15",1,0,4,4,0,0,"1.48",25,1.3572269498360123
31,NA,"29y5mc","base","interview","ger","21.11.2016 17:49",52,2,18,1,NA,2,NA,NA,NA,NA,NA,NA,NA,NA,NA,NA,NA,"",NA,"",NA,NA,NA,NA,NA,NA,NA,"",NA,NA,3,3,2,1,1,1,3,2,1,1,1,4,4,3,"Das beeinflussen von Musik auf die Gefühle und ob bestimmte Emotionen durch Sie geweckt werden können",NA,NA,16,7,NA,142,165,NA,"21.11.2016 17:51",1,0,3,4,0,0,"1.12",7,1.474442251208622
32,NA,"lktpcc","base","interview","ger","22.11.2016 13:36",52,2,30,1,NA,1,4,2,2,2,2,2,1,1,1,1,1,"",1,"",NA,1,2,1,1,1,NA,"",NA,NA,4,5,4,2,2,3,2,4,2,2,4,2,5,4,"Die Auswirkug verschiedener Klänge auf die Emotionen im Körper.",NA,NA,22,6,46,157,231,NA,"22.11.2016 13:40",1,0,4,4,0,0,"1.18",13,1.6135036538941365
33,NA,"aqmtns","base","interview","ger","22.11.2016 14:24",59,1,22,1,NA,2,NA,NA,NA,NA,NA,NA,NA,NA,NA,NA,NA,"",NA,"",NA,NA,NA,NA,NA,NA,NA,"",NA,NA,3,2,3,3,1,2,1,2,1,1,4,5,4,3,"",NA,NA,13,8,NA,112,133,NA,"22.11.2016 14:26",1,0,3,4,5,4,"1.24",12,2.1238023271862927
34,NA,"hpu41m","base","interview","ger","22.11.2016 15:11",53,2,46,1,NA,1,5,4,3,1,1,2,1,1,1,1,1,"",1,"",NA,1,2,1,1,1,NA,"",NA,NA,3,4,3,4,1,2,3,2,1,1,3,1,4,3,"Vermutlich kommt die eigentliche Frage ganz am Schluß:-)",NA,NA,20,7,89,132,248,NA,"22.11.2016 15:15",1,0,4,4,0,0,"1",4,2.4801831135777466
35,NA,"0yon9p","base","interview","ger","22.11.2016 16:44",45,1,41,1,NA,1,4,4,1,1,1,1,1,2,1,1,1,"",1,"",NA,1,1,2,1,1,NA,"",NA,NA,1,1,1,1,1,1,1,1,1,1,1,5,5,5,"",NA,NA,17,5,32,53,107,NA,"22.11.2016 16:46",1,0,4,4,4,3,"1.9",45,1.789040835104528
36,NA,"b65fx1","base","interview","ger","22.11.2016 18:34",54,1,50,1,NA,1,3,3,2,3,2,2,1,1,1,1,2,"Entspannung",1,"",NA,1,2,1,1,1,NA,"",NA,NA,2,4,3,2,1,3,3,3,2,1,2,2,4,5,"",NA,NA,13,6,88,105,212,NA,"22.11.2016 18:38",1,0,4,4,4,3,"1.24",15,2.111363074751184
37,NA,"g861rg","base","interview","ger","23.11.2016 15:22",43,1,17,2,3,2,NA,NA,NA,NA,NA,NA,NA,NA,NA,NA,NA,"",NA,"",NA,NA,NA,NA,NA,NA,NA,"",NA,NA,2,3,1,2,1,4,2,1,1,1,5,5,4,3,"Beeinflussung von Tönen auf die wahrgenommene Stimmingslage, die Konzentrationsfähigkeit",NA,NA,19,9,NA,134,162,NA,"23.11.2016 15:24",1,0,3,4,0,0,"0.98",0,1.4435370226084783
38,NA,"bqah2m","base","interview","ger","23.11.2016 16:43",51,2,17,1,NA,2,NA,NA,NA,NA,NA,NA,NA,NA,NA,NA,NA,"",NA,"",NA,NA,NA,NA,NA,NA,NA,"",NA,NA,4,4,2,1,1,2,4,2,1,1,2,4,5,5,"",NA,NA,14,5,NA,60,79,NA,"23.11.2016 16:44",1,0,3,4,5,4,"1.78",39,1.4971049880458749
39,NA,"ryc24z","base","interview","ger","23.11.2016 17:16",60,1,17,1,NA,2,NA,NA,NA,NA,NA,NA,NA,NA,NA,NA,NA,"",NA,"",NA,NA,NA,NA,NA,NA,NA,"",NA,NA,2,1,1,4,1,1,2,3,1,1,2,3,5,1,"Auswirkungen von Meditation",NA,NA,11,5,NA,106,122,NA,"23.11.2016 17:18",1,0,3,4,0,0,"1.57",28,1.941924921588
40,NA,"yeg9cf","base","interview","ger","23.11.2016 21:17",51,2,38,1,NA,1,4,3,3,1,1,2,1,1,1,1,1,"",1,"",NA,2,2,2,1,1,NA,"",NA,NA,4,4,4,1,1,1,4,4,1,1,1,4,4,2,"Welche Gefühlsregungen tauchen bei einer Klangschalenmeditation auf? Welche bei einer geführten Metta Meditation? Vielleicht auch ganz was anderes.",NA,NA,15,8,62,162,247,NA,"23.11.2016 21:21",1,0,4,4,0,0,"1.08",6,2.0283788218812515
41,NA,"a527xk","base","interview","ger","24.11.2016 11:52",46,2,24,1,NA,1,3,4,2,2,2,2,1,1,1,1,1,"",1,"",NA,1,2,1,1,1,NA,"",NA,NA,3,4,3,3,1,1,2,1,1,4,5,4,4,1,"Den Unterschied in der affektiven Resonanz zwischen Liebe-Güte- und Klangmeditation.",NA,NA,20,4,42,115,181,NA,"24.11.2016 11:55",1,0,4,4,0,0,"1.5",26,1.6939864580011703
42,NA,"cljb5d","base","interview","ger","24.11.2016 15:19",51,1,18,1,NA,1,1,3,1,1,1,2,1,1,1,1,1,"",1,"",NA,1,1,2,1,1,NA,"",NA,NA,4,5,3,2,1,1,3,1,1,1,3,5,4,2,"",NA,NA,11,5,60,82,158,NA,"24.11.2016 15:22",1,0,4,4,4,3,"1.56",28,1.7600585455531224
43,NA,"nh9rl0","base","interview","ger","24.11.2016 16:01",54,1,18,1,NA,2,NA,NA,NA,NA,NA,NA,NA,NA,NA,NA,NA,"",NA,"",NA,NA,NA,NA,NA,NA,NA,"",NA,NA,2,4,2,4,1,4,3,2,3,1,4,4,5,1,"Konzentrationsfähigkeit, Inwiefern können Mediation und Klänge den Zuhörer beeinflussen",NA,NA,23,8,NA,288,319,NA,"24.11.2016 16:06",1,0,3,4,0,0,"0.79",2,2.0270002354721846
44,NA,"v23zjs","base","interview","ger","24.11.2016 16:39",58,1,18,1,NA,1,1,2,2,1,1,2,1,1,1,1,1,"",1,"",NA,1,2,1,1,1,NA,"",NA,NA,4,4,3,3,4,1,3,2,1,4,3,5,4,2,"Das Auslösen von Emotionen durch Klänge",NA,NA,16,7,51,111,185,NA,"24.11.2016 16:42",1,0,4,4,0,0,"1.25",13,2.6163304912281493
45,NA,"nhn98y","base","interview","ger","24.11.2016 17:19",55,1,17,1,NA,2,NA,NA,NA,NA,NA,NA,NA,NA,NA,NA,NA,"",NA,"",NA,NA,NA,NA,NA,NA,NA,"",NA,NA,3,4,1,2,1,3,4,1,1,1,4,3,2,5,"Wie Menschen sich bei der Meditation fühlen und bei welchen Geräuschen sie besonders entspannen und bei sich sind.",NA,NA,16,5,NA,135,156,NA,"24.11.2016 17:22",1,0,3,4,0,0,"1.31",15,3.210851695703883
46,NA,"ye7tbg","base","interview","ger","24.11.2016 18:04",53,1,55,1,NA,2,NA,NA,NA,NA,NA,NA,NA,NA,NA,NA,NA,"",NA,"",NA,NA,NA,NA,NA,NA,NA,"",NA,NA,5,4,4,1,1,2,2,1,1,1,4,2,3,5,"Mit welchen Methoden Meditation am Besten wirkt",NA,NA,19,13,NA,295,327,NA,"24.11.2016 18:10",1,0,3,4,0,0,"0.7",0,3.7229360420918307
47,NA,"eqsm5n","base","interview","ger","25.11.2016 14:13",52,1,18,1,NA,1,1,4,2,1,2,1,1,1,1,1,1,"",1,"",NA,1,2,1,1,1,NA,"",NA,NA,4,3,5,1,1,3,3,3,1,1,3,5,4,2,"Meditationswirkung auf verschiedene Geschlechter und Altersgruppen im Alltag",NA,NA,25,7,36,106,174,NA,"25.11.2016 14:15",1,0,4,4,0,0,"1.31",19,4.159517393002121
48,NA,"993c4x","base","interview","ger","25.11.2016 15:46",41,1,58,1,NA,1,3,4,3,3,1,2,1,2,2,1,1,"",1,"",NA,2,2,2,1,1,NA,"",NA,NA,2,3,3,1,1,2,2,2,1,1,3,2,4,4,"WIE STARK SICH PROBANDEN  AUF DIE MEDITATION EINLASSEN KÖNNEN",NA,NA,28,15,73,210,326,NA,"25.11.2016 15:51",1,0,4,4,0,0,"0.71",0,2.296940984813393
49,NA,"4yhqw5","base","interview","ger","26.11.2016 12:57",50,2,54,1,NA,1,5,3,2,1,1,1,1,2,1,1,1,"",1,"",NA,1,2,1,1,1,NA,"",NA,NA,4,4,4,1,1,1,3,3,2,2,4,3,3,4,"klngsmeid ist etwas zu leise
mudrahaltung wird nicht erklärt
Geführte Medi hat recht angenehme Musik",NA,NA,14,5,76,134,229,NA,"26.11.2016 13:00",1,0,4,4,0,0,"1.26",14,2.30205332253344
50,NA,"6lb1sw","base","interview","ger","28.11.2016 11:02",50,1,17,1,NA,2,NA,NA,NA,NA,NA,NA,NA,NA,NA,NA,NA,"",NA,"",NA,NA,NA,NA,NA,NA,NA,"",NA,NA,4,4,4,1,1,1,3,2,1,1,2,3,5,2,"Ob man jeden Menschen Liebe und Güte fühlen lassen kann durch die Anleitung dazu; kann man das auch bei Menschen voll Ärger und Wut zu Liebe führt und sie verdrängt werden können, oder ob sie dies nicht durch die Aufforderung beiseite schieben können.",NA,NA,12,12,NA,334,358,NA,"28.11.2016 11:08",1,0,3,4,0,0,"0.88",8,2.306959174569739
51,NA,"4kadb4","base","interview","ger","28.11.2016 11:56",55,1,44,1,NA,2,NA,NA,NA,NA,NA,NA,NA,NA,NA,NA,NA,"",NA,"",NA,NA,NA,NA,NA,NA,NA,"",NA,NA,1,2,1,1,1,4,2,1,1,1,2,2,5,1,"Die Fähigkeit, sich auf Entspannungsmethoden einzulassen",NA,NA,14,6,NA,106,126,NA,"28.11.2016 11:58",1,0,3,4,0,0,"1.35",18,2.760465470523859
52,NA,"y9tvwe","base","interview","ger","28.11.2016 20:16",50,2,47,1,NA,2,NA,NA,NA,NA,NA,NA,NA,NA,NA,NA,NA,"",NA,"",NA,NA,NA,NA,NA,NA,NA,"",NA,NA,2,4,2,1,1,4,1,1,1,1,3,5,4,3,"Die Wirkung von Klang auf Emotionen",NA,NA,27,12,NA,106,145,NA,"28.11.2016 20:19",1,0,3,4,0,0,"0.9",4,2.767435962080966
53,NA,"np3rmp","base","interview","ger","29.11.2016 14:36",40,2,19,1,NA,2,NA,NA,NA,NA,NA,NA,NA,NA,NA,NA,NA,"",NA,"",NA,NA,NA,NA,NA,NA,NA,"",NA,NA,4,4,2,1,1,1,3,1,1,1,2,5,4,5,"keine Idee",NA,NA,32,5,NA,115,152,NA,"29.11.2016 14:38",1,0,3,4,0,0,"1.18",16,1.7025841672390545
54,NA,"xmnmk7","base","interview","ger","29.11.2016 16:20",51,2,49,1,NA,1,5,1,3,2,1,2,1,1,1,1,2,"TM",1,"",NA,1,2,1,1,1,NA,"",NA,NA,3,2,2,3,2,3,4,4,2,1,1,2,5,2,"Vielleicht ob Klänge während einer Meditation Einfluss auf das Erleben von Gefühlen/körperlichen Sensationen besonders die der Liebe und Güte hat. Und ob das bei den Klangschalenklägen besonders gut funktioniert, bei mir tat es das schon. Schön wars.",NA,NA,55,8,69,305,400,NA,"29.11.2016 16:27",1,0,4,4,0,0,"0.73",2,1.757191103888568
55,NA,"zesjtt","base","interview","ger","29.11.2016 18:30",52,2,39,1,NA,1,4,3,3,1,1,2,1,1,1,1,1,"",1,"",NA,2,2,2,1,1,NA,"",NA,NA,4,3,3,2,2,3,4,4,1,1,3,3,4,4,"Geführte Meditation vs. Achtsamkeit ?",NA,NA,17,4,27,91,139,NA,"29.11.2016 18:33",1,0,4,4,0,0,"1.85",43,1.8714094230122242
56,NA,"m5rgs4","base","interview","ger","29.11.2016 19:53",48,2,47,1,NA,2,NA,NA,NA,NA,NA,NA,NA,NA,NA,NA,NA,"",NA,"",NA,NA,NA,NA,NA,NA,NA,"",NA,NA,1,1,1,1,1,3,1,1,1,1,3,1,3,3,"",NA,NA,35,4,NA,50,89,NA,"29.11.2016 19:54",1,0,3,4,5,4,"1.82",49,1.7476299483435536
57,NA,"ap393e","base","interview","ger","29.11.2016 20:27",53,1,43,1,NA,2,NA,NA,NA,NA,NA,NA,NA,NA,NA,NA,NA,"",NA,"",NA,NA,NA,NA,NA,NA,NA,"",NA,NA,1,2,1,1,1,2,1,1,1,1,4,2,3,3,"Die Eindrücke/Beurteilung dieser Meditation.",NA,NA,32,13,NA,277,322,NA,"29.11.2016 20:33",1,0,3,4,0,0,"0.58",0,1.9161863148502023
58,NA,"l7yv3c","base","interview","ger","29.11.2016 21:06",50,1,17,1,NA,2,NA,NA,NA,NA,NA,NA,NA,NA,NA,NA,NA,"",NA,"",NA,NA,NA,NA,NA,NA,NA,"",NA,NA,2,3,2,1,1,2,2,1,1,1,3,5,3,3,"wie gut diese Mediation auf verschiedene Menschen wirkt",NA,NA,21,7,NA,168,196,NA,"29.11.2016 21:09",1,0,3,4,0,0,"0.98",5,1.9177549949108605
59,NA,"z2y9cn","base","interview","ger","01.12.2016 10:35",54,1,28,2,2,2,NA,NA,NA,NA,NA,NA,NA,NA,NA,NA,NA,"",NA,"",NA,NA,NA,NA,NA,NA,NA,"",NA,NA,3,2,2,2,2,4,2,2,2,2,5,2,3,2,"",NA,NA,27,20,NA,120,167,NA,"01.12.2016 10:38",1,0,3,4,5,4,"0.75",2,2.176532220284491
60,NA,"vzc1pk","base","interview","ger","01.12.2016 11:33",44,1,20,1,NA,2,NA,NA,NA,NA,NA,NA,NA,NA,NA,NA,NA,"",NA,"",NA,NA,NA,NA,NA,NA,NA,"",NA,NA,4,5,4,1,1,1,5,4,1,1,1,5,5,2,"Auswirkung von Klangmeitationstönen auf das Empfinden positiver Gefühle",NA,NA,16,9,NA,124,149,NA,"01.12.2016 11:35",1,0,3,4,0,0,"1.07",3,1.721423163581383
62,NA,"3u75xp","base","interview","ger","01.12.2016 19:18",41,1,46,1,NA,2,NA,NA,NA,NA,NA,NA,NA,NA,NA,NA,NA,"",NA,"",NA,NA,NA,NA,NA,NA,NA,"",NA,NA,2,4,3,3,2,4,2,2,2,2,3,5,5,5,"wie Meditation wirkt",NA,NA,17,8,NA,163,188,NA,"01.12.2016 19:21",1,0,3,4,0,0,"1",3,1.2759054066512805
64,NA,"fjobx6","base","interview","ger","02.12.2016 11:39",50,1,50,2,3,2,NA,NA,NA,NA,NA,NA,NA,NA,NA,NA,NA,"",NA,"",NA,NA,NA,NA,NA,NA,NA,"",NA,NA,4,3,3,1,1,1,4,4,2,1,1,3,5,5,"Ob ich mich nach einer eingeleiteten und augenommenen Meditation in der Lage bin mich zu entspannen",NA,NA,20,9,NA,229,258,NA,"02.12.2016 11:43",1,0,3,4,0,0,"0.83",0,1.274623093308619
65,NA,"r57oyo","base","interview","ger","02.12.2016 12:26",47,1,21,1,NA,1,1,3,2,1,1,2,1,1,1,1,1,"",1,"",NA,1,2,1,1,1,NA,"",NA,NA,3,4,4,2,2,2,4,4,1,1,1,3,4,3,"",NA,NA,19,10,71,107,207,NA,"02.12.2016 12:30",1,0,4,4,4,3,"1.03",3,1.1787831199589247
66,NA,"e32qbs","base","interview","ger","02.12.2016 15:49",51,1,31,2,3,1,5,2,3,1,1,1,1,1,2,1,1,"",1,"",NA,2,2,2,1,1,NA,"",NA,NA,4,5,5,1,1,2,2,1,1,1,5,5,3,3,"die wirkung der Meditation anscheinend :)",NA,NA,25,14,54,121,214,NA,"02.12.2016 15:53",1,0,4,4,0,0,"0.95",5,1.2053796115164799
67,NA,"tfjeky","base","interview","ger","03.12.2016 10:01",52,2,57,1,NA,1,5,2,3,4,1,2,1,2,1,2,2,"Oberstufe Autogenes Training",1,"",NA,1,2,1,1,1,NA,"",NA,NA,5,5,4,1,1,1,4,5,1,1,1,5,5,3,"Wirkungen der meditaionsformen auf das gehirn",NA,NA,31,9,87,152,279,NA,"03.12.2016 10:06",1,0,4,4,0,0,"0.82",0,1.262671815021125
68,NA,"ohlmmn","base","interview","ger","03.12.2016 12:06",44,1,57,1,NA,2,NA,NA,NA,NA,NA,NA,NA,NA,NA,NA,NA,"",NA,"",NA,NA,NA,NA,NA,NA,NA,"",NA,NA,2,3,3,1,1,2,3,3,1,1,2,5,5,3,"",NA,NA,43,14,NA,252,309,NA,"03.12.2016 12:11",1,0,3,4,5,4,"0.53",0,1.0790885230137726
69,NA,"pf8mxv","base","interview","ger","04.12.2016 13:02",54,2,32,2,3,1,3,2,4,1,1,1,1,1,2,1,1,"",1,"",NA,2,2,2,1,1,NA,"",NA,NA,2,4,4,1,1,1,2,2,1,1,4,3,3,3,"- Vor-/Nachteile der angeleiteten Meditation
",NA,NA,20,11,91,190,312,NA,"04.12.2016 13:07",1,0,4,4,0,0,"0.8",0,1.174401456164216
70,NA,"kgqzjb","base","interview","ger","04.12.2016 18:41",54,1,52,1,NA,2,NA,NA,NA,NA,NA,NA,NA,NA,NA,NA,NA,"",NA,"",NA,NA,NA,NA,NA,NA,NA,"",NA,NA,2,1,1,1,1,2,1,1,1,1,2,3,5,1,"",NA,NA,27,30,NA,238,274,NA,"04.12.2016 18:46",1,0,3,4,5,4,"0.51",0,1.2838879665068057
71,NA,"9he17n","base","interview","ger","05.12.2016 15:56",44,1,34,2,3,1,3,3,4,2,1,2,1,1,1,1,2,"",1,"",NA,1,2,1,1,1,NA,"",NA,NA,2,3,3,1,1,1,4,3,1,1,1,5,5,5,"Wie meditation Gefühle und Laune verbessern kann",NA,NA,28,22,77,206,320,NA,"05.12.2016 16:01",1,0,4,4,4,3,"0.66",0,1.098353899086447
73,NA,"n3hfo5","base","interview","ger","07.12.2016 00:42",47,2,25,1,NA,1,4,4,2,2,2,2,1,1,1,1,1,"",1,"",NA,2,2,2,1,1,NA,"",NA,NA,3,4,3,2,1,2,4,2,2,1,2,3,5,4,"",NA,NA,13,4,67,81,165,NA,"07.12.2016 00:45",1,0,4,4,4,3,"1.59",29,1.0243939781892548
74,NA,"1kevt6","base","interview","ger","07.12.2016 00:46",55,2,35,2,3,1,1,3,3,2,1,2,2,1,1,1,1,"",1,"",NA,2,2,2,1,1,NA,"",NA,NA,4,4,4,4,1,1,2,1,1,2,4,4,3,3,"",NA,NA,65,9,41,39,107,NA,"07.12.2016 00:48",1,0,4,4,4,3,"1.5",40,1.1324479094993833
75,NA,"pen0gs","base","interview","ger","07.12.2016 00:50",48,1,34,2,3,1,2,1,4,2,1,2,1,1,1,1,2,"Mantrameditation",1,"",NA,2,2,2,1,1,NA,"",NA,NA,5,5,5,2,1,1,3,4,1,1,1,5,4,4,"Unterschied zwischen der Wahrnehmung von Geräuschen und Wörtern",NA,NA,60,7,47,59,131,NA,"07.12.2016 00:52",1,0,4,4,0,0,"1.34",26,1.0800430450009997
76,NA,"mbq0ck","base","interview","ger","07.12.2016 00:53",57,1,48,1,NA,1,3,2,2,1,1,2,1,1,1,1,1,"",1,"",NA,1,2,1,1,1,NA,"",NA,NA,4,4,4,4,1,1,3,3,3,3,3,5,4,1,"",NA,NA,12,9,37,62,120,NA,"07.12.2016 00:55",1,0,4,4,4,3,"1.65",32,1.2438091499615547
77,NA,"n72eyw","base","interview","ger","07.12.2016 00:56",48,2,34,1,NA,1,3,4,3,1,1,2,1,1,1,1,1,"",1,"",NA,2,2,2,1,1,NA,"",NA,NA,3,3,2,1,1,1,1,1,1,1,1,4,3,3,"Intensität / Tiefe der Meditation
Versch. Gefühle je nach Meditationsart",NA,NA,12,7,30,55,104,NA,"07.12.2016 00:58",1,0,4,4,0,0,"1.9",45,1.1839778588305272
78,NA,"0qv90z","base","interview","ger","07.12.2016 00:58",47,2,47,1,NA,1,4,3,3,1,1,2,1,1,1,1,1,"",1,"",NA,1,1,2,1,1,NA,"",NA,NA,4,3,3,1,1,1,3,3,1,1,1,5,5,3,"Stressentfernung durch Meditation
Energiegewinnung durch Meditation",NA,NA,19,7,25,81,132,NA,"07.12.2016 01:01",1,0,4,4,0,0,"1.68",35,1.101916267473573
79,NA,"5d9509","base","interview","ger","07.12.2016 01:02",52,1,50,1,NA,1,5,1,5,1,1,1,1,1,2,1,1,"",1,"",NA,2,2,2,1,1,NA,"",NA,NA,4,3,3,1,1,1,4,4,2,1,1,5,4,4,"#NAME?",NA,NA,12,4,30,79,125,NA,"07.12.2016 01:04",1,0,4,4,0,0,"1.95",48,1.1490226900468068
80,NA,"9yxgjz","base","interview","ger","07.12.2016 01:05",59,1,58,1,NA,1,4,1,4,1,1,1,1,1,2,1,1,"",1,"",NA,2,2,2,1,1,NA,"",NA,NA,3,4,4,1,1,1,3,3,1,1,3,2,5,3,"Unterschiedliche Wirkung von Klangmeditation und angeleiteter Meditation auf die Gefühle. ",NA,NA,11,6,23,53,93,NA,"07.12.2016 01:06",1,0,4,4,0,0,"2.17",60,1.3758511705223786
81,NA,"52hyzn","base","interview","ger","07.12.2016 01:07",60,1,61,1,NA,1,5,1,4,1,1,1,1,1,2,1,1,"",1,"",NA,3,2,2,2,1,NA,"",NA,NA,5,4,4,1,1,1,3,3,1,2,2,3,4,2,"",NA,NA,12,5,30,28,75,NA,"07.12.2016 01:08",1,0,4,4,4,3,"2.17",81,1.6941821720279493
85,NA,"zlumzg","base","interview","ger","31.03.2017 13:01",48,1,33,1,NA,2,NA,NA,NA,NA,NA,NA,NA,NA,NA,NA,NA,"",NA,"",NA,NA,NA,NA,NA,NA,NA,"",NA,NA,3,4,4,2,5,5,2,1,1,3,5,1,3,2,"Einfluss der Töne und Geräusche auf das Gemüt",NA,NA,17,6,NA,147,170,NA,"31.03.2017 13:04",1,0,3,4,0,0,"1.16",9,1.6035055608510365
86,NA,"7po4ra","base","interview","ger","01.04.2017 10:34",43,1,58,1,NA,1,5,2,4,3,1,2,1,2,1,1,2,"Vajrayana ",1,"",NA,2,2,1,2,1,NA,"",2,NA,5,4,4,4,2,1,3,3,3,4,4,3,4,4,"Wirksamkeit dieser Mediation",NA,NA,16,6,92,209,323,NA,"01.04.2017 10:39",1,0,4,4,0,0,"1.01",8,1.3229492594227648
87,NA,"ethdxv","base","interview","ger","01.04.2017 15:20",56,1,60,1,NA,1,4,3,4,1,2,1,1,1,1,1,1,"",1,"",NA,1,2,1,1,1,NA,"",1,NA,3,4,3,1,1,1,2,3,1,4,3,3,2,2,"Störbarkeit/Irritierbarkeit durch Veränderung der Geräuschkulisse??",NA,NA,55,15,99,331,463,NA,"01.04.2017 15:29",1,0,4,4,0,0,"0.51",0,1.5023775973217848
88,NA,"7t3ou0","base","interview","ger","02.04.2017 18:50",44,2,44,1,NA,2,NA,NA,NA,NA,NA,NA,NA,NA,NA,NA,NA,"",NA,"",NA,NA,NA,NA,NA,NA,NA,"",NA,NA,2,2,4,2,1,1,2,3,1,1,1,2,5,3,"Auswirkung von Entspannung/positivem Denken auf die Sinneswahrnehmung",NA,NA,44,16,NA,284,344,NA,"02.04.2017 18:56",1,0,3,4,0,0,"0.48",0,1.2874593381632204
89,NA,"crrqfl","base","interview","ger","04.04.2017 17:50",48,1,59,1,NA,1,5,4,5,1,2,1,1,1,1,1,1,"",1,"",NA,2,2,2,1,1,NA,"",-9,NA,4,4,4,1,1,2,4,4,1,1,3,3,5,2,"ist durch angeleitetes Hinspüren und Fühlen eine Veränderung in der Gefühlebene möglich. Wird das gleiche Ergebnis durch Töne erreicht",NA,NA,30,10,82,283,405,NA,"04.04.2017 17:57",1,0,4,4,4,3,"0.71",0,1.2292781204713892
90,NA,"3jl99j","base","interview","ger","06.04.2017 10:40",49,1,55,1,NA,1,4,3,2,1,1,2,1,1,1,1,1,"",1,"",NA,2,2,2,1,1,NA,"",-9,NA,5,4,4,1,1,1,3,3,1,1,1,4,5,4,"Wirkung der geleiteten Meditation und Wirkung von Klang.",NA,NA,27,9,48,213,297,NA,"06.04.2017 10:45",1,0,4,4,4,3,"0.94",6,1.2012922817941718
91,NA,"con2s8","base","interview","ger","06.04.2017 11:24",54,1,49,1,NA,1,5,1,4,1,1,1,1,1,1,1,2,"Dzogchen",1,"",NA,2,2,1,2,1,NA,"",-9,NA,4,5,4,1,1,3,2,1,3,3,3,2,3,3,"Wie Meditatonserfahrung unsere Alltagswahrnehmung beeinflusst.",NA,NA,16,9,81,168,274,NA,"06.04.2017 11:29",1,0,4,4,4,3,"0.95",2,1.3032760370178529
92,NA,"cbq93n","base","interview","ger","07.04.2017 11:39",55,1,25,2,3,1,1,4,2,1,1,2,1,1,1,1,1,"",1,"",NA,1,2,1,1,1,NA,"",2,NA,1,1,1,1,1,5,2,1,1,1,4,4,5,5,"Einfluss der Geräusche auf die Wahrnehmung bei Meditation",NA,NA,13,13,42,88,156,NA,"07.04.2017 11:42",1,0,4,4,0,0,"1.32",20,1.4479926648474197
93,NA,"opuphp","base","interview","ger","07.04.2017 12:11",55,1,50,1,NA,1,4,2,2,1,1,2,1,1,1,1,1,"",1,"",NA,1,2,1,1,1,NA,"",1,NA,4,4,4,1,1,1,3,3,1,1,3,3,5,4,"Löst Meditation auch unangenehme Emotionen aus? Lässt sich der Effekt der angeleiteten Meditation durch die Töne halten oder wird sie unterbrochen? Wirksamkeit von Meditation? Unterschied zwischen Praktikern und ""Anfängern""",NA,NA,15,6,56,257,334,NA,"07.04.2017 12:16",1,0,4,4,0,0,"1.12",12,1.6176387051426755
94,NA,"l7ttnf","base","interview","ger","07.04.2017 17:06",47,2,46,1,NA,2,NA,NA,NA,NA,NA,NA,NA,NA,NA,NA,NA,"",NA,"",NA,NA,NA,NA,NA,NA,NA,"",NA,NA,3,2,1,1,1,1,2,1,1,1,1,2,4,3,"Wahrnehmung von Gefühlen",NA,NA,23,6,NA,118,147,NA,"07.04.2017 17:08",1,0,3,4,0,0,"1.14",11,1.4963012124919417
95,NA,"vc97nj","base","interview","ger","07.04.2017 17:33",51,1,40,1,NA,2,NA,NA,NA,NA,NA,NA,NA,NA,NA,NA,NA,"",NA,"",NA,NA,NA,NA,NA,NA,NA,"",NA,NA,1,1,1,1,1,4,1,1,1,1,4,3,3,3,"keine Ahnung, mir fehlt der Zugang",NA,NA,18,6,NA,96,120,NA,"07.04.2017 17:35",1,0,3,4,0,0,"1.3",15,1.5314126621257222
96,NA,"ovb3lq","base","interview","ger","09.04.2017 10:01",51,1,39,1,NA,1,3,3,1,1,1,1,1,1,1,1,2,"",1,"",NA,1,1,2,1,1,NA,"",1,NA,2,4,3,1,1,1,1,1,1,1,3,1,4,4,"",NA,NA,25,5,52,139,221,NA,"09.04.2017 10:04",1,0,4,4,8,7,"1.21",15,1.5679812064291971
97,NA,"lxwf21","base","interview","ger","09.04.2017 10:49",53,2,39,1,NA,2,NA,NA,NA,NA,NA,NA,NA,NA,NA,NA,NA,"",NA,"",NA,NA,NA,NA,NA,NA,NA,"",NA,NA,2,2,2,2,2,3,1,1,1,3,3,1,3,4,"Gedultschwelle bis Abbruch",NA,NA,23,11,NA,141,175,NA,"09.04.2017 10:52",1,0,3,4,0,0,"0.85",0,1.6836335865418883
98,NA,"7tws4e","base","interview","ger","09.04.2017 11:59",47,1,37,1,NA,1,1,4,4,1,1,1,1,2,1,1,1,"",1,"",NA,1,1,2,1,1,NA,"",1,NA,1,2,2,2,2,4,2,2,2,2,5,2,2,2,"wie beeiflussbar menschliche Gefühle durch das gesprochene Wort/Aufforderungen bzw. durch Töne,Klänge und Gesänge sind.
",NA,NA,48,20,250,318,427,NA,"09.04.2017 12:10",1,0,4,4,0,0,"0.38",0,1.5542379959376529
99,NA,"9aft1d","base","interview","ger","09.04.2017 12:53",43,2,39,1,NA,2,NA,NA,NA,NA,NA,NA,NA,NA,NA,NA,NA,"",NA,"",NA,NA,NA,NA,NA,NA,NA,"",NA,NA,1,1,1,1,1,5,1,1,1,1,5,1,4,3,"Eine neue Meditationstechnik?",NA,NA,14,5,NA,105,124,NA,"09.04.2017 12:55",1,0,3,4,0,0,"1.46",23,1.2953975395995825
100,NA,"3rzlvj","base","interview","ger","12.04.2017 10:29",47,2,43,1,NA,2,NA,NA,NA,NA,NA,NA,NA,NA,NA,NA,NA,"",NA,"",NA,NA,NA,NA,NA,NA,NA,"",NA,NA,4,4,4,4,1,1,1,1,1,1,5,1,1,1,"die Bereitschaft, sich auf angeleitete Meditationen einzulassen",NA,NA,25,9,NA,199,233,NA,"12.04.2017 10:33",1,0,3,4,0,0,"0.8",0,1.20936400240587
101,NA,"690d33","base","interview","ger","12.04.2017 12:06",43,1,48,1,NA,1,5,1,4,3,2,2,1,2,1,1,1,"",1,"",NA,2,2,1,2,1,NA,"",-9,NA,4,5,4,1,1,1,5,4,1,1,1,3,4,4,"Einfluss von Meditation auf ""Störgefühle""/Streßempfinden",NA,NA,15,11,59,146,231,NA,"12.04.2017 12:10",1,0,4,4,4,3,"1.04",5,1.0357414652417551
102,NA,"asf6bd","base","interview","ger","12.04.2017 16:52",45,1,40,1,NA,2,NA,NA,NA,NA,NA,NA,NA,NA,NA,NA,NA,"",NA,"",NA,NA,NA,NA,NA,NA,NA,"",NA,NA,2,2,2,1,1,2,4,3,3,1,1,3,5,5,"die Wirkung von Meditation?",NA,NA,27,7,NA,114,148,NA,"12.04.2017 16:55",1,0,3,4,0,0,"1.04",8,0.9376560507498293
103,NA,"rjb7nf","base","interview","ger","13.04.2017 10:56",48,1,58,1,NA,1,3,3,3,2,1,2,1,1,2,1,1,"",1,"",NA,2,2,2,1,1,NA,"",-9,NA,4,4,3,2,1,1,1,1,1,1,4,2,3,2,"wirkung der Anleitung",NA,NA,29,13,72,129,243,NA,"13.04.2017 11:00",1,0,4,4,4,3,"0.84",1,0.9025967757141947
104,NA,"j7up8u","base","interview","ger","19.04.2017 12:26",56,1,34,1,NA,2,NA,NA,NA,NA,NA,NA,NA,NA,NA,NA,NA,"",NA,"",NA,NA,NA,NA,NA,NA,NA,"",NA,NA,4,3,3,2,1,1,4,3,1,1,2,2,5,3,"Wahrnehmung der Gefühle",NA,NA,17,7,NA,93,117,NA,"19.04.2017 12:28",1,0,3,4,0,0,"1.26",13,0.9980249809477348
105,NA,"j3esaw","base","interview","ger","19.04.2017 13:39",43,1,24,1,NA,1,4,2,2,1,1,1,1,1,1,1,2,"chamanische Meditation (Erdung, Eigenen Raum n´mit energie füllen)",1,"",NA,1,2,1,1,1,NA,"",1,NA,5,5,5,1,1,2,3,2,1,1,3,2,5,3,"ob sich der liebende-güte effekt auf die entsprechende meditation  beschränkt, oder auch auf die klangmeditation ausweitet?",NA,NA,27,7,74,147,255,NA,"19.04.2017 13:44",1,0,4,4,0,0,"0.96",4,0.8723366907607345
106,NA,"sj63yy","base","interview","ger","19.04.2017 15:03",57,1,28,2,3,2,NA,NA,NA,NA,NA,NA,NA,NA,NA,NA,NA,"",NA,"",NA,NA,NA,NA,NA,NA,NA,"",NA,NA,2,2,1,1,1,5,3,1,1,1,3,2,3,2,"Das kann ich leider nicht sagen. Habe keine Idee",NA,NA,16,11,NA,135,162,NA,"19.04.2017 15:06",1,0,3,4,0,0,"0.98",2,0.9764122383037382
107,NA,"eerss7","base","interview","ger","19.04.2017 16:30",45,1,21,1,NA,1,3,4,2,2,1,2,1,1,1,1,2,"Yoga",1,"",NA,2,2,2,1,1,NA,"",2,NA,3,4,4,3,4,1,2,2,1,1,4,1,4,2,"Wirkung einer Mediation, Elemente einer Meditation",NA,NA,13,7,52,131,203,NA,"19.04.2017 16:34",1,0,4,4,0,0,"1.27",13,0.8894462361910164
108,NA,"7uev8a","base","interview","ger","19.04.2017 18:25",52,1,34,1,NA,2,NA,NA,NA,NA,NA,NA,NA,NA,NA,NA,NA,"",NA,"",NA,NA,NA,NA,NA,NA,NA,"",NA,NA,4,4,4,1,1,1,2,2,1,3,3,3,2,2,"inwiefern verschieden Hintergrundtöne die Mediation erleichtern oder erschweren",NA,NA,14,17,NA,124,155,NA,"19.04.2017 18:28",1,0,3,4,0,0,"0.97",6,0.91832625844045
109,NA,"9zqg3n","base","interview","ger","20.04.2017 19:19",51,2,20,1,NA,2,NA,NA,NA,NA,NA,NA,NA,NA,NA,NA,NA,"",NA,"",NA,NA,NA,NA,NA,NA,NA,"",NA,NA,3,4,3,3,1,3,2,2,1,1,4,1,5,3,"Wie der Mensch Töne und Meditation wahrnimmt und was es bei ihm bewirkt.",NA,NA,47,8,NA,251,277,NA,"20.04.2017 19:24",1,0,3,4,0,0,"0.68",2,0.9327640001483084
110,NA,"p6geqs","base","interview","ger","20.04.2017 19:56",50,1,46,1,NA,1,4,2,1,2,1,2,1,1,1,1,2,"yoga",1,"",NA,3,2,2,2,1,NA,"",1,NA,4,3,4,4,1,1,2,2,1,1,2,1,5,4,"wie tolerant man nach der meditation gegenüber unangehnemen geräuschen ist dh ob man so erfüüllt ist dass einen nichts mehr stört",NA,NA,45,14,164,446,238,NA,"20.04.2017 20:07",1,0,4,4,0,0,"0.44",0,0.9312097353691028
111,NA,"mvk8vv","base","interview","ger","20.04.2017 20:42",49,2,45,1,NA,1,4,2,4,1,1,2,1,1,1,1,1,"",1,"",NA,1,2,1,1,1,NA,"",1,NA,2,4,2,1,1,2,1,1,4,5,5,1,1,2,"Effektivität einer Meditation Sprachlich angeleitet vs. digitale Töne.",NA,NA,60,11,116,293,438,NA,"20.04.2017 20:50",1,0,4,4,0,0,"0.55",0,0.9133453725031819
112,NA,"l6kut8","base","interview","ger","21.04.2017 10:35",60,1,54,1,NA,1,2,3,3,1,1,2,1,1,1,1,1,"",1,"",NA,1,2,1,1,1,NA,"",1,NA,3,3,4,2,1,2,4,4,2,1,2,1,3,4,"gelingt dies am Arbeitsplatz",NA,NA,33,12,86,158,289,NA,"21.04.2017 10:40",1,0,4,4,0,0,"0.74",0,1.0726743529512532
113,NA,"77vb0p","base","interview","ger","21.04.2017 13:30",49,1,66,1,NA,1,4,2,4,3,1,2,1,2,1,1,2,"",1,"",NA,1,2,1,1,1,NA,"",-9,NA,4,4,3,1,1,1,2,1,1,2,1,2,2,2,"Ob diese CD auf dem Markt erfolgreich sein könnte.
Ob synthetische  Meditation ertiefen oder eher ablenken und stören.
Ob nur die Sprecherstimmeallein tiefer in die Meditation führt.",NA,NA,25,13,95,391,268,NA,"21.04.2017 13:39",1,0,4,4,8,6,"0.63",0,1.0511950649272923
114,NA,"rb9e06","base","interview","ger","21.04.2017 14:52",56,1,29,1,NA,1,5,3,2,1,2,1,1,1,1,1,1,"",1,"",NA,1,2,1,1,1,NA,"",1,NA,2,2,3,3,3,3,1,1,2,4,4,1,1,1,"wie gut sich Menschen anleiten lassen. Welche Techniken es ermöglichen in möglichst kurzer Zeit eine möglichst hohe Entspannung zu erzeugen. ",NA,NA,17,11,68,268,364,NA,"21.04.2017 14:58",1,0,4,4,0,0,"0.86",1,1.1677809513114372
115,NA,"lwe420","base","interview","ger","21.04.2017 15:58",45,1,35,1,NA,2,NA,NA,NA,NA,NA,NA,NA,NA,NA,NA,NA,"",NA,"",NA,NA,NA,NA,NA,NA,NA,"",NA,NA,4,4,3,1,2,1,2,2,1,1,1,4,5,5,"Ob man das Gefühl von Liebe und Güte durch Meditation produzieren und es auf andere, bzw. alles übertragen kann, sodass man allem (Meschen, Tieren usw. ) wohlgesonnen (mit Liebe und Güte) begegnet und dementsprechend mit diesen umgeht.",NA,NA,14,8,NA,265,287,NA,"21.04.2017 16:02",1,0,3,4,0,0,"0.97",7,1.054802911709327
116,NA,"ywo7sx","base","interview","ger","21.04.2017 17:45",57,1,54,1,NA,1,4,2,3,3,1,2,1,2,1,1,2,"Atemtherapie",1,"",NA,1,2,1,1,1,NA,"",1,NA,4,4,5,1,1,1,5,5,1,1,1,1,5,5,"",NA,NA,28,11,124,154,317,NA,"21.04.2017 17:50",1,0,4,4,4,3,"0.73",0,1.1903203933930895
117,NA,"2w7yre","base","interview","ger","23.04.2017 13:28",61,2,37,1,NA,2,NA,NA,NA,NA,NA,NA,NA,NA,NA,NA,NA,"",NA,"",NA,NA,NA,NA,NA,NA,NA,"",NA,NA,2,2,2,2,2,2,5,3,1,4,1,3,4,1,"Auswirkung von Tönen, Frequenzen und Harmonien auf die Meditation. Zugänglichkeit der Probanden darüber. ""Empfänglichkeit"" in der Meditation über auditive Anleitung ",NA,NA,16,9,NA,251,276,NA,"23.04.2017 13:33",1,0,3,4,0,0,"0.89",2,1.4392458420670313
121,NA,"xt00e7","base","interview","ger","25.04.2017 10:24",48,1,40,1,NA,2,NA,NA,NA,NA,NA,NA,NA,NA,NA,NA,NA,"",NA,"",NA,NA,NA,NA,NA,NA,NA,"",NA,NA,2,1,2,2,1,4,1,1,1,3,5,2,3,4,"Ob ich durch die vorherige Meditation das Rauschen weniger störend bzw. die Töne angenehmer empfinde?",NA,NA,85,6,NA,160,184,NA,"25.04.2017 10:29",1,0,3,4,0,0,"0.85",8,1.3778096392012136
122,NA,"61gk65","base","interview","ger","25.04.2017 11:24",45,1,23,1,NA,1,3,4,2,2,2,2,1,1,1,1,1,"",1,"",NA,1,2,1,1,1,NA,"",1,NA,2,4,2,1,2,1,1,1,1,5,4,1,3,1,"Ich hab absolut keine Ahnung",NA,NA,18,5,49,75,147,NA,"25.04.2017 11:27",1,0,4,4,0,0,"1.51",26,1.2373697117066476
123,NA,"vo24na","base","interview","ger","25.04.2017 16:35",48,1,47,2,3,1,1,4,2,1,2,1,1,1,1,1,1,"",1,"",NA,1,1,2,1,1,NA,"",2,NA,1,1,1,1,1,5,1,1,1,1,4,3,4,3,"",NA,NA,17,12,47,96,172,NA,"25.04.2017 16:38",1,0,4,4,4,3,"1.18",12,1.1882780059117164
125,NA,"hgnjym","base","interview","ger","25.04.2017 19:20",53,2,45,1,NA,2,NA,NA,NA,NA,NA,NA,NA,NA,NA,NA,NA,"",NA,"",NA,NA,NA,NA,NA,NA,NA,"",NA,NA,3,4,4,2,1,2,1,2,1,1,4,2,4,3,"ob es möglich ist mit Hilfe einer sochen Meditation zu beruhigen bzw. Wut und Ärger zu nehmen? Welche Auswirkung ein Rauschen auf diesen Prozess hat",NA,NA,18,9,NA,199,226,NA,"25.04.2017 19:23",1,0,3,4,0,0,"0.89",0,1.2552394883708209
126,NA,"kr3fo0","base","interview","ger","25.04.2017 19:52",48,1,45,1,NA,2,NA,NA,NA,NA,NA,NA,NA,NA,NA,NA,NA,"",NA,"",NA,NA,NA,NA,NA,NA,NA,"",NA,NA,5,5,3,1,1,1,5,4,1,1,1,1,5,5,"Die Auswirkung einer Meditation auf das Wohbefinden eines Menschen. ",NA,NA,20,11,NA,139,170,NA,"25.04.2017 19:55",1,0,3,4,0,0,"0.9",0,1.2050137159386436
127,NA,"e6n71z","base","interview","ger","26.04.2017 12:57",48,1,23,1,NA,1,3,2,3,2,1,2,2,1,1,1,1,"",1,"",NA,2,2,2,1,1,NA,"",3,NA,4,5,4,2,1,1,3,3,1,2,1,2,4,3,"Inwiefern Klänge, welche typischerweise in Meditationen integriert werden, diese unterstützten oder eher hemmen.",NA,NA,10,4,47,110,171,NA,"26.04.2017 13:00",1,0,4,4,0,0,"1.7",35,1.1576675950132302
129,NA,"4d2flm","base","interview","ger","26.04.2017 13:31",45,1,21,1,NA,1,3,4,2,1,1,2,1,1,1,1,1,"",1,"",NA,1,2,1,1,1,NA,"",1,NA,2,3,4,2,2,1,2,3,1,2,2,2,4,3,"Emotionen während Meditationen ",NA,NA,17,6,95,101,219,NA,"26.04.2017 13:34",1,0,4,4,0,0,"1.16",11,1.0496899808191118
130,NA,"dxfuox","base","interview","ger","26.04.2017 14:35",50,1,30,2,2,2,NA,NA,NA,NA,NA,NA,NA,NA,NA,NA,NA,"",NA,"",NA,NA,NA,NA,NA,NA,NA,"",NA,NA,2,4,4,1,4,2,2,2,4,4,4,1,5,5,"",NA,NA,19,25,NA,123,151,NA,"26.04.2017 14:38",1,0,3,4,5,4,"0.8",2,1.0483194767409887
131,NA,"hjefk9","base","interview","ger","26.04.2017 15:50",53,1,31,2,3,1,2,4,2,1,1,2,1,1,1,1,1,"",1,"",NA,1,2,1,1,1,NA,"",-9,NA,2,2,3,3,2,3,2,3,1,1,2,3,5,2,"",NA,NA,12,11,66,99,188,NA,"26.04.2017 15:53",1,0,4,4,8,6,"1.19",12,1.1035408240614057
132,NA,"1fnek1","base","interview","ger","26.04.2017 16:29",49,2,28,1,NA,2,NA,NA,NA,NA,NA,NA,NA,NA,NA,NA,NA,"",NA,"",NA,NA,NA,NA,NA,NA,NA,"",NA,NA,3,3,3,2,1,2,4,3,2,1,2,3,5,5,"Die Wirksamkeit der angeleiteten Meditation mittels eines Computers sowie das Empfinden der Testpersonen hinsichtlich des ungewöhnlichen Rauschens während der Meditation.",NA,NA,13,5,NA,271,289,NA,"26.04.2017 16:34",1,0,3,4,0,0,"1.23",20,1.0819966857269245
133,NA,"kmk4o9","base","interview","ger","27.04.2017 11:07",45,2,43,1,NA,1,5,1,2,1,1,1,1,1,1,1,2,"verschiedene",1,"",NA,1,2,1,1,1,NA,"",-9,NA,4,3,3,3,1,2,2,2,3,1,2,2,4,2,"Möglicherweise der Unterschied von geführter und nicht-geführter Meditation.",NA,NA,22,6,53,201,282,NA,"27.04.2017 11:12",1,0,4,4,4,3,"1.08",10,0.9844697267374916
134,NA,"6g9npv","base","interview","ger","27.04.2017 16:18",46,1,41,1,NA,1,4,2,2,1,1,1,1,1,1,1,2,"ying yang",1,"",NA,1,2,1,1,1,NA,"",-9,NA,3,3,3,2,1,2,3,2,1,1,2,1,4,2,"das gefühl /gespür für das eigene Sein",NA,NA,21,8,55,143,227,NA,"27.04.2017 16:21",1,0,4,4,4,3,"1.05",5,0.9165141220262653
135,NA,"gfk5tr","base","interview","ger","27.04.2017 16:51",47,1,33,1,NA,1,4,4,4,2,1,2,1,2,1,1,1,"",1,"",NA,2,2,2,1,1,NA,"",-9,NA,4,3,3,4,1,3,3,3,4,1,2,1,3,2,"Mesitationsverhalten",NA,NA,26,10,78,118,232,NA,"27.04.2017 16:55",1,0,4,4,4,3,"0.91",2,0.8702987368453776
136,NA,"m9khh5","base","interview","ger","27.04.2017 17:38",46,1,46,1,NA,1,3,4,4,1,1,1,1,2,1,1,1,"",1,"",NA,1,2,1,1,1,NA,"",2,NA,3,4,4,1,1,2,3,1,1,1,5,2,3,3,"wie wohl man sich mit einer liebevoll geführten Meditation fühlt. Wie heilsam sie 
wirken kann. ",NA,NA,32,9,77,299,417,NA,"27.04.2017 17:45",1,0,4,4,0,0,"0.73",0,0.814174150706486
137,NA,"nu25bp","base","interview","ger","27.04.2017 18:16",49,1,38,1,NA,1,3,3,2,1,1,1,1,1,1,1,2,"Yoga",1,"",NA,1,1,2,1,1,NA,"",1,NA,4,4,4,2,1,2,5,2,1,1,1,3,5,3,"wirkung der töne auf den menschen",NA,NA,23,10,141,240,414,NA,"27.04.2017 18:23",1,0,4,4,0,0,"0.69",0,0.8002786277160954
138,NA,"v6vzlt","base","interview","ger","28.04.2017 10:05",54,1,61,1,NA,1,4,1,2,0,1,1,1,1,1,1,1,"",1,"",NA,1,2,1,1,1,NA,"",-9,NA,2,3,3,1,1,2,3,3,1,1,2,1,3,3,"",NA,NA,46,13,81,135,247,NA,"28.04.2017 10:10",1,0,4,4,8,6,"0.74",0,0.8488743162162569
139,NA,"bdz7oc","base","interview","ger","28.04.2017 11:28",40,1,57,1,NA,1,4,2,3,2,2,1,2,1,1,1,1,"",1,"",NA,2,2,2,1,1,NA,"",-9,NA,4,4,3,1,1,1,2,2,1,2,5,1,4,1,"Wie Töne oder Sprache sich auf den Körper oder das Gemüt ausüben",NA,NA,24,8,82,238,352,NA,"28.04.2017 11:34",1,0,4,4,4,3,"0.83",2,0.7221269849558338
140,NA,"kbfe5p","base","interview","ger","28.04.2017 12:21",48,1,52,1,NA,1,4,4,4,1,1,2,1,1,1,1,1,"",1,"",NA,1,2,1,1,1,NA,"",1,NA,5,4,5,2,1,1,5,5,1,1,1,1,5,5,"Welche Gefühle die Meditation und die Klangschalenmeditation auslöst. ",NA,NA,20,10,75,246,351,NA,"28.04.2017 12:27",1,0,4,4,0,0,"0.82",0,0.7005683045784971
141,NA,"gm8ae8","base","interview","ger","02.05.2017 13:55",52,1,19,1,NA,2,NA,NA,NA,NA,NA,NA,NA,NA,NA,NA,NA,"",NA,"",NA,NA,NA,NA,NA,NA,NA,"",NA,NA,4,4,3,1,1,1,3,2,1,1,1,1,5,4,"Den Einfluss von Tönen auf Gefühle. ",NA,NA,13,6,NA,75,94,NA,"02.05.2017 13:57",1,0,3,4,0,0,"1.56",28,0.719027362281715
142,NA,"tk4fb9","base","interview","ger","02.05.2017 18:31",53,1,51,1,NA,1,4,2,4,1,1,1,1,1,2,1,1,"",1,"",NA,2,2,2,1,1,NA,"",3,NA,5,4,4,1,1,1,3,2,1,1,3,2,3,3,"Die Fähigkeit de Personen sich auf Meditationen bzw. Entspannung einzustellen.",NA,NA,39,14,291,424,259,NA,"02.05.2017 18:44",1,0,4,4,0,0,"0.42",0,0.7488318906441509
143,NA,"odgpy0","base","interview","ger","02.05.2017 19:14",57,1,17,1,NA,2,NA,NA,NA,NA,NA,NA,NA,NA,NA,NA,NA,"",NA,"",NA,NA,NA,NA,NA,NA,NA,"",NA,NA,5,5,3,1,1,1,3,2,1,1,2,2,2,3,"Wie gut sich Personen verschiedener Altersgruppen auf Meditation und Entspannungsübungen einlassen können.",NA,NA,24,12,NA,161,197,NA,"02.05.2017 19:17",1,0,3,4,0,0,"0.78",0,0.8259328365843319
165,NA,"qo39sv","base","interview","deu","07.11.2017 13:41",50,1,23,1,NA,1,2,3,3,2,1,2,1,1,1,2,1,"",1,"",1,1,2,1,1,1,1,"",1,2,3,4,3,2,1,2,4,3,1,1,1,3,5,4,"ka",5,5,19,9,68,114,210,NA,"07.11.2017 13:45",1,0,4,4,0,0,"1.04",3,0.8246209907596018
166,NA,"e4wdgb","base","interview","deu","09.11.2017 16:37",45,1,19,1,NA,1,3,4,2,2,1,1,1,1,1,1,2,"Entspannungsreise",2,"Atemübung, Yoga",1,1,2,1,1,1,1,"",1,2,4,4,2,2,2,2,2,1,1,4,4,1,5,4,"welchen Einfluss Meditation auf die Psyche hat bzw. ob Meditation eine sinnvolle Alternative zum Entspannen ist und welche Töne / Klänge am besten für eine meidation geeignet sind",5,5,25,12,91,131,259,NA,"09.11.2017 16:41",1,0,4,4,0,0,"0.82",0,0.7619549516445644
167,NA,"y642ly","base","interview","deu","09.11.2017 17:09",43,1,20,1,NA,2,NA,NA,NA,NA,NA,NA,NA,NA,NA,NA,NA,"",NA,"",NA,NA,NA,NA,NA,NA,NA,"",NA,NA,3,4,4,1,1,3,3,1,2,1,4,2,4,3,"Auswirkung von Meditation",5,5,26,5,NA,130,161,NA,"09.11.2017 17:12",1,0,3,4,0,0,"1.18",14,0.6863608536764081
168,NA,"6kybj1","base","interview","deu","10.11.2017 14:35",49,1,20,1,NA,2,NA,NA,NA,NA,NA,NA,NA,NA,NA,NA,NA,"",NA,"",NA,NA,NA,NA,NA,NA,NA,"",NA,NA,4,5,4,1,1,2,1,1,1,1,4,1,4,5,"Was Meditation im Menschen hervorruft und Wirksamkeit ",4,4,19,14,NA,99,132,NA,"10.11.2017 14:37",1,0,3,4,0,0,"0.98",6,0.6757941379067353
169,NA,"jgdpok","base","interview","deu","10.11.2017 15:13",46,1,21,1,NA,2,NA,NA,NA,NA,NA,NA,NA,NA,NA,NA,NA,"",NA,"",NA,NA,NA,NA,NA,NA,NA,"",NA,NA,2,2,4,2,1,3,2,3,3,1,3,2,4,4,"ob es unterschiede gibt zwischen menschen mit erfahrung und denen ohne wie sehr man sich auf die meditation einlassen kann",4,4,14,11,NA,157,182,NA,"10.11.2017 15:16",1,0,3,4,0,0,"0.99",5,0.6389291367133942
170,NA,"a7k5na","base","interview","deu","10.11.2017 15:44",46,1,18,1,NA,1,1,4,3,1,1,1,1,1,1,1,1,"",1,"",2,1,2,1,1,1,1,"",1,1,3,4,3,1,1,1,3,2,1,1,2,2,5,4,"Die Auswirkung von Gewissen Tönen, Worten/Wortwiederholungen auf den Gemütszustand.",4,4,16,13,58,163,250,NA,"10.11.2017 15:49",1,0,4,4,0,0,"0.97",4,0.6052264359264801
171,NA,"nm9to4","base","interview","deu","13.11.2017 16:35",50,1,18,1,NA,2,NA,NA,NA,NA,NA,NA,NA,NA,NA,NA,NA,"",NA,"",NA,NA,NA,NA,NA,NA,NA,"",NA,NA,3,4,3,4,2,3,2,2,2,2,4,1,5,3,"Was bringt Meditation im Alltag",4,4,21,5,NA,127,153,NA,"13.11.2017 16:38",1,0,3,4,0,0,"1.24",14,0.6040275335912433
172,NA,"a41ejj","base","interview","deu","13.11.2017 17:07",56,1,21,2,3,2,NA,NA,NA,NA,NA,NA,NA,NA,NA,NA,NA,"",NA,"",NA,NA,NA,NA,NA,NA,NA,"",NA,NA,4,3,3,1,1,2,3,2,1,1,2,2,4,3,"ob Meditation wirklich hilfreich ist",4,4,17,9,NA,111,137,NA,"13.11.2017 17:10",1,0,3,4,0,0,"1.09",5,0.6504600750214025
173,NA,"bxlp12","base","interview","deu","13.11.2017 17:43",43,1,21,2,3,1,1,4,2,1,1,2,1,1,1,1,1,"",1,"",1,2,2,2,1,1,1,"",1,1,3,4,2,1,1,3,2,3,1,4,4,4,3,4,"Meditatoion in Verbing mit Gefühle",5,5,12,13,74,97,196,NA,"13.11.2017 17:46",1,0,4,4,0,0,"1.13",11,0.5922573987415259
174,NA,"47r7u0","base","interview","deu","14.11.2017 10:48",53,1,20,1,NA,2,NA,NA,NA,NA,NA,NA,NA,NA,NA,NA,NA,"",NA,"",NA,NA,NA,NA,NA,NA,NA,"",NA,NA,3,4,4,2,1,2,3,3,1,1,2,2,4,4,"ob Meditation als Therapie genutzt werden kann (ich kann mir eigentlich nicht genau vorstellen was untersucht werden soll)",4,5,15,7,NA,126,148,NA,"14.11.2017 10:51",1,0,3,4,0,0,"1.18",9,0.6135567855095504
175,NA,"sjt7xg","base","interview","deu","14.11.2017 11:18",42,1,19,1,NA,2,NA,NA,NA,NA,NA,NA,NA,NA,NA,NA,NA,"",NA,"",NA,NA,NA,NA,NA,NA,NA,"",NA,NA,1,2,2,1,1,4,2,2,1,1,3,5,3,1,"Entspannung bei Meditation möglich, Auswirkungen auf Umfeld positiv?",2,2,13,6,NA,72,91,NA,"14.11.2017 11:19",1,0,3,4,0,0,"1.58",29,0.554087123959307
176,NA,"943gee","base","interview","deu","14.11.2017 11:47",43,1,19,1,NA,2,NA,NA,NA,NA,NA,NA,NA,NA,NA,NA,NA,"",NA,"",NA,NA,NA,NA,NA,NA,NA,"",NA,NA,3,4,3,1,1,2,4,1,1,1,1,2,5,2,"emotionen bei Entspannung",4,4,12,8,NA,140,160,NA,"14.11.2017 11:50",1,0,3,4,0,0,"1.2",10,0.5099235253865383
177,NA,"ksg8oj","base","interview","deu","14.11.2017 12:39",52,1,23,1,NA,1,3,4,2,2,1,2,2,1,1,1,1,"",1,"",1,3,1,2,2,2,1,"",2,2,3,4,3,4,2,2,2,2,3,4,4,2,4,5,"",5,5,12,5,39,53,109,NA,"14.11.2017 12:40",1,0,4,4,4,3,"1.91",46,0.5203666723688508
178,NA,"yskzf2","base","interview","deu","14.11.2017 13:40",39,1,19,1,NA,2,NA,NA,NA,NA,NA,NA,NA,NA,NA,NA,NA,"",NA,"",NA,NA,NA,NA,NA,NA,NA,"",NA,NA,3,4,3,2,2,3,2,1,1,1,4,4,4,3,"Auswirkung von Mediationserfahrung auf die Wirkung dieser Mediation.",4,3,16,10,NA,121,147,NA,"14.11.2017 13:43",1,0,3,4,0,0,"1.05",4,0.4611782349687495
179,NA,"9yx3s","base","interview","deu","14.11.2017 14:13",47,1,21,1,NA,1,3,4,3,1,1,1,1,1,1,1,1,"",1,"",2,2,2,1,1,2,1,"",1,4,2,4,3,3,1,2,2,2,1,1,3,1,3,4,"Auswirkung von Meditation auf Stimmung",4,5,12,6,86,88,192,NA,"14.11.2017 14:16",1,0,4,4,0,0,"1.34",19,0.44637005703849747
180,NA,"3wf10h","base","interview","deu","14.11.2017 14:43",49,1,18,1,NA,2,NA,NA,NA,NA,NA,NA,NA,NA,NA,NA,NA,"",NA,"",NA,NA,NA,NA,NA,NA,NA,"",NA,NA,4,5,3,1,1,2,4,4,3,1,1,1,5,3,"Beeinflussung von Emotionen durch meditation",5,5,14,6,NA,104,124,NA,"14.11.2017 14:45",1,0,3,4,0,0,"1.36",18,0.4409220745627741
181,NA,"01j0fx","base","interview","deu","14.11.2017 15:16",48,1,27,1,NA,2,NA,NA,NA,NA,NA,NA,NA,NA,NA,NA,NA,"",NA,"",NA,NA,NA,NA,NA,NA,NA,"",NA,NA,1,2,1,2,5,1,1,1,1,5,1,2,5,3,"Ob man unter katastrophalen Bedingungen (Ungemütlicher, hässlicher, dreckiger, sehr kalter und zugiger, unwirtlicher Kellerraum) trotzdem noch meditieren kann.",5,5,16,5,NA,162,183,NA,"14.11.2017 15:20",1,0,3,4,0,0,"1.25",15,0.43129274694251185
182,NA,"867as5","base","interview","deu","16.11.2017 16:37",43,1,19,1,NA,1,4,4,2,1,1,1,1,2,1,1,1,"",1,"",1,1,2,1,1,1,1,"",1,2,2,3,3,1,1,4,2,2,2,5,5,1,4,2,"Meditationswirkung",5,5,16,9,71,96,192,NA,"16.11.2017 16:41",1,0,4,4,0,0,"1.13",7,0.4027115517709443
183,NA,"4255ap","base","interview","deu","16.11.2017 17:11",49,1,20,1,NA,1,1,3,1,2,1,2,1,1,1,1,2,"vor einer Yoga- Einheit",1,"",1,1,2,1,1,1,1,"",1,1,3,4,3,3,1,2,2,2,3,1,3,2,4,3,"Die Fähigkeit des Menschens sich auf die Meditation einzulassen",5,5,13,9,103,146,271,NA,"16.11.2017 17:15",1,0,4,4,0,0,"1",5,0.39804067080503325
184,NA,"tn79n5","base","interview","deu","16.11.2017 17:44",43,1,18,1,NA,2,NA,NA,NA,NA,NA,NA,NA,NA,NA,NA,NA,"",NA,"",NA,NA,NA,NA,NA,NA,NA,"",NA,NA,3,5,3,2,1,1,3,3,2,1,1,2,4,4,"Ob sich mithilfe von Meditation Gefühle positiv beeinflussen lassen",5,5,15,9,NA,110,134,NA,"16.11.2017 17:46",1,0,3,4,0,0,"1.14",7,0.3731879494077985
185,NA,"5s5trf","base","interview","deu","17.11.2017 15:13",52,1,27,1,NA,2,NA,NA,NA,NA,NA,NA,NA,NA,NA,NA,NA,"",NA,"",NA,NA,NA,NA,NA,NA,NA,"",NA,NA,2,4,3,1,1,1,4,3,1,1,2,2,5,3,"Einfluss der Mediation auf das Wohlbefinden des Körpers (ggf. Stressreduktionsmaßnahmen)",4,4,17,10,NA,111,138,NA,"17.11.2017 15:16",1,0,3,4,0,0,"1.06",5,0.3790670109913491
186,NA,"z26hyp","base","interview","deu","23.11.2017 16:36",46,1,26,2,3,2,NA,NA,NA,NA,NA,NA,NA,NA,NA,NA,NA,"",NA,"",NA,NA,NA,NA,NA,NA,NA,"",NA,NA,3,3,1,1,1,1,4,4,3,1,1,3,3,4,"Mediationseinfluß auf das Wohlbefinden",4,4,18,13,NA,169,200,NA,"23.11.2017 16:40",1,0,3,4,0,0,"0.83",0,0.3651844100257208
187,NA,"lxf65x","base","interview","deu","24.11.2017 14:42",44,1,45,1,NA,1,4,4,3,2,1,2,1,1,1,1,2,"Geführte Meditationen",1,"",1,2,2,2,1,1,1,"",2,3,4,4,4,4,1,1,1,1,1,2,4,1,3,2,"Der Effekt unterschiedlicher Meditationsformen und dessen Wahrnehmung",5,5,17,7,66,89,179,NA,"24.11.2017 14:45",1,0,4,4,0,0,"1.23",12,0.34651625337757425
188,NA,"pgwwbj","base","interview","deu","24.11.2017 15:13",48,1,22,1,NA,2,NA,NA,NA,NA,NA,NA,NA,NA,NA,NA,NA,"",NA,"",NA,NA,NA,NA,NA,NA,NA,"",NA,NA,5,4,3,1,1,1,2,2,1,1,1,1,5,3,"Wie sich Mediation bzw. Töne auf die Emotionen auswirken und kontrollieren lassen",4,5,16,10,NA,119,145,NA,"24.11.2017 15:15",1,0,3,4,0,0,"1.05",4,0.3399934261098397
189,NA,"yxvb89","base","interview","deu","27.11.2017 16:30",56,1,19,1,NA,1,2,3,3,2,1,2,1,1,1,1,2,"Yoga",1,"",1,1,2,1,1,1,1,"",1,2,4,3,3,1,1,1,3,3,1,1,1,3,5,2,"Auswirkungen von Meditation auf Gefühlsleben",5,5,29,8,56,123,216,NA,"27.11.2017 16:33",1,0,4,4,0,0,"1.03",6,0.3574047867365753
190,NA,"65206h","base","interview","deu","27.11.2017 17:11",54,1,20,2,2,2,NA,NA,NA,NA,NA,NA,NA,NA,NA,NA,NA,"",NA,"",NA,NA,NA,NA,NA,NA,NA,"",NA,NA,1,1,1,1,1,1,1,1,1,1,1,2,2,2,"Ob man sich schnell nichtwissenschaftlicher Methoden zur Beruhigung vertrauen kann",2,1,18,13,NA,167,198,NA,"27.11.2017 17:14",1,0,3,4,0,0,"0.83",0,0.36942284397409797
191,NA,"9atetm","base","interview","deu","27.11.2017 17:44",36,2,40,1,NA,2,NA,NA,NA,NA,NA,NA,NA,NA,NA,NA,NA,"",NA,"",NA,NA,NA,NA,NA,NA,NA,"",NA,NA,1,4,3,3,2,1,5,3,3,2,1,2,5,3,"Einfluss Meditation auf Emotionszustände, Konzentration ",5,5,23,13,NA,188,224,NA,"27.11.2017 17:48",1,0,3,4,0,0,"0.73",0,0.3304870488102507
193,NA,"zeowf8","base","interview","deu","28.11.2017 11:12",44,1,18,1,NA,2,NA,NA,NA,NA,NA,NA,NA,NA,NA,NA,NA,"",NA,"",NA,NA,NA,NA,NA,NA,NA,"",NA,NA,2,3,3,1,1,2,2,2,1,1,3,2,3,1,"Effekt von Meditation",3,3,24,10,NA,102,136,NA,"28.11.2017 11:14",1,0,3,4,0,0,"0.99",5,0.3151755539983195
194,NA,"5a392u","base","interview","deu","28.11.2017 11:42",52,1,19,1,NA,2,NA,NA,NA,NA,NA,NA,NA,NA,NA,NA,NA,"",NA,"",NA,NA,NA,NA,NA,NA,NA,"",NA,NA,2,3,3,2,1,2,2,1,1,2,3,1,4,3,"Welche Emotionen bei der Meditation hervorgerufen wurden",5,5,15,9,NA,137,161,NA,"28.11.2017 11:45",1,0,3,4,0,0,"1.06",3,0.31934795029364704
195,NA,"f8ttc7","base","interview","deu","28.11.2017 12:21",56,1,25,1,NA,1,4,4,2,2,1,2,1,1,1,1,1,"",1,"",2,2,2,1,1,1,2,"In der Natur",1,3,3,4,4,2,1,1,3,3,2,1,3,3,5,3,"Ob Meditationen Gefühle hervorrufen kann und diese Praktik nachhaltig das Leben beeinflussen / verändern kann",5,5,18,7,113,136,274,NA,"28.11.2017 12:25",1,0,4,4,0,0,"0.98",4,0.3345136486084959
196,NA,"3kf6dj","base","interview","deu","28.11.2017 14:08",53,1,28,1,NA,1,4,2,2,2,1,1,1,2,1,1,2,"weitere geführte M.",1,"",1,1,2,1,1,1,1,"",1,3,5,4,2,1,1,1,1,1,1,1,4,1,4,3,"Unterschieder in der Intensität von wahrgenommenen Gefühlen bei geleiteten vs. Klangmeditationen",5,5,48,8,79,92,197,NA,"28.11.2017 14:11",1,0,4,4,0,0,"0.97",7,0.34201382565993316
197,NA,"drcqty","base","interview","deu","28.11.2017 14:39",45,1,18,1,NA,2,NA,NA,NA,NA,NA,NA,NA,NA,NA,NA,NA,"",NA,"",NA,NA,NA,NA,NA,NA,NA,"",NA,NA,3,3,4,2,1,3,3,3,1,2,4,2,5,3,"Reaktion auf Geräusche",5,5,16,13,NA,151,180,NA,"28.11.2017 14:42",1,0,3,4,0,0,"0.9",2,0.3281908980679012
198,NA,"yq9r7l","base","interview","deu","28.11.2017 15:09",47,1,19,1,NA,2,NA,NA,NA,NA,NA,NA,NA,NA,NA,NA,NA,"",NA,"",NA,NA,NA,NA,NA,NA,NA,"",NA,NA,2,3,1,1,1,4,1,1,1,1,5,2,5,3,"",3,4,31,6,NA,61,98,NA,"28.11.2017 15:11",1,0,3,4,5,4,"1.43",28,0.3199684574752386
199,NA,"zkdyu2","base","interview","deu","30.11.2017 16:39",47,1,20,1,NA,2,NA,NA,NA,NA,NA,NA,NA,NA,NA,NA,NA,"",NA,"",NA,NA,NA,NA,NA,NA,NA,"",NA,NA,4,4,4,1,1,1,4,4,1,1,2,2,4,3,"Unterschied der Fähigkeit seine eigenen Emotionen wahrzunehmen bei Leuten mit und ohne Meditiererfahrung",4,4,23,9,NA,140,172,NA,"30.11.2017 16:41",1,0,3,4,0,0,"0.91",0,0.31207619166357004
200,NA,"t9gc4x","base","interview","deu","04.12.2017 16:40",52,2,21,1,NA,2,NA,NA,NA,NA,NA,NA,NA,NA,NA,NA,NA,"",NA,"",NA,NA,NA,NA,NA,NA,NA,"",NA,NA,4,4,4,1,1,1,4,4,1,1,2,2,5,3,"--",5,5,15,7,NA,121,143,NA,"04.12.2017 16:42",1,0,3,4,0,0,"1.2",10,0.316212082195092
201,NA,"97632r","base","interview","deu","04.12.2017 17:37",44,1,20,1,NA,2,NA,NA,NA,NA,NA,NA,NA,NA,NA,NA,NA,"",NA,"",NA,NA,NA,NA,NA,NA,NA,"",NA,NA,3,4,3,3,1,4,2,2,1,3,5,3,3,4,"Wie sich Personen unterscheiden beim Umgang mit Klangmediation je nachdem wie lange ihrere Meditationserfahrung ist",4,4,14,6,NA,133,153,NA,"04.12.2017 17:39",1,0,3,4,0,0,"1.27",13,0.3019934535879264
202,NA,"4f8n82","base","interview","deu","05.12.2017 10:32",57,1,19,1,NA,2,NA,NA,NA,NA,NA,NA,NA,NA,NA,NA,NA,"",NA,"",NA,NA,NA,NA,NA,NA,NA,"",NA,NA,2,3,4,1,2,2,3,2,2,2,3,4,2,1,"Wie sich angeleitete Meditation und Töne auf die Wahrnehmung von Gefühlen auswirken.",4,5,14,7,NA,147,168,NA,"05.12.2017 10:35",1,0,3,4,0,0,"1.16",10,0.3184216389489307
203,NA,"a7j4h3","base","interview","deu","05.12.2017 11:31",52,1,42,1,NA,1,3,3,3,3,1,2,2,1,1,1,2,"MBSR",1,"",1,2,2,2,1,1,1,"",2,4,3,3,2,1,1,1,3,2,1,1,1,2,4,4,"keine Ahnung",5,5,14,9,68,114,205,NA,"05.12.2017 11:34",1,0,4,4,0,0,"1.13",6,0.32270596482278996
204,NA,"cr2ocq","base","interview","deu","05.12.2017 13:37",53,2,20,1,NA,2,NA,NA,NA,NA,NA,NA,NA,NA,NA,NA,NA,"",NA,"",NA,NA,NA,NA,NA,NA,NA,"",NA,NA,3,3,4,1,1,4,3,4,2,1,4,4,2,3,"",4,3,12,6,NA,79,97,NA,"05.12.2017 13:38",1,0,3,4,5,4,"1.57",28,0.3297728981367735
205,NA,"v5soco","base","interview","deu","05.12.2017 15:07",42,1,18,1,NA,1,3,4,3,1,1,1,1,1,1,1,1,"",1,"",2,1,1,2,1,1,1,"",1,2,1,3,3,4,1,3,1,1,3,1,4,1,5,1,"",4,3,14,7,55,104,180,NA,"05.12.2017 15:10",1,0,4,4,4,3,"1.29",14,0.31018183399822147
206,NA,"g3jcj6","base","interview","deu","05.12.2017 15:47",50,1,42,1,NA,2,NA,NA,NA,NA,NA,NA,NA,NA,NA,NA,NA,"",NA,"",NA,NA,NA,NA,NA,NA,NA,"",NA,NA,4,3,4,1,1,2,3,3,1,1,2,3,5,2,"Auf welche Art von Meditation Menschen gut ansprechen/sich einlassen können.",5,5,20,12,NA,159,191,NA,"05.12.2017 15:50",1,0,3,4,0,0,"0.83",0,0.309476384150217
207,NA,"r2zy4h","base","interview","deu","07.12.2017 16:39",36,1,19,1,NA,2,NA,NA,NA,NA,NA,NA,NA,NA,NA,NA,NA,"",NA,"",NA,NA,NA,NA,NA,NA,NA,"",NA,NA,4,4,5,2,1,1,3,4,2,1,1,1,5,4,"Einfluss der Meditation auf Gefühlswahrnehmung",5,4,17,7,NA,92,116,NA,"07.12.2017 16:41",1,0,3,4,0,0,"1.27",13,0.281853782210604
208,NA,"yed4qb","base","interview","deu","07.12.2017 17:14",49,2,19,1,NA,2,NA,NA,NA,NA,NA,NA,NA,NA,NA,NA,NA,"",NA,"",NA,NA,NA,NA,NA,NA,NA,"",NA,NA,2,2,2,1,1,3,1,1,1,1,5,2,3,3,"",4,3,15,4,NA,75,94,NA,"07.12.2017 17:16",1,0,3,4,5,4,"1.75",37,0.279286012631863
209,NA,"ejb7nh","base","interview","deu","07.12.2017 17:43",49,1,20,1,NA,1,2,4,2,2,1,2,1,2,1,1,1,"",1,"",1,1,1,1,1,1,2,"Rehaanstalt",1,2,2,3,2,1,1,2,1,1,1,1,4,2,5,2,"Die Wirkung von Meditation auf die Emotionen",5,3,13,9,58,72,152,NA,"07.12.2017 17:46",1,0,4,4,0,0,"1.37",18,0.27675174873218467
210,NA,"r0zvs7","base","interview","deu","07.12.2017 18:16",44,2,37,1,NA,2,NA,NA,NA,NA,NA,NA,NA,NA,NA,NA,NA,"",NA,"",NA,NA,NA,NA,NA,NA,NA,"",NA,NA,4,4,3,1,1,1,3,2,1,1,1,4,5,4,"Beurteilung von Meditationsmethoden",5,4,20,11,NA,146,177,NA,"07.12.2017 18:19",1,0,3,4,0,0,"0.88",0,0.2657215123225786
211,NA,"jxfknw","base","interview","deu","11.12.2017 17:06",48,1,18,1,NA,2,NA,NA,NA,NA,NA,NA,NA,NA,NA,NA,NA,"",NA,"",NA,NA,NA,NA,NA,NA,NA,"",NA,NA,2,3,4,3,1,2,1,1,1,1,5,1,4,1,"Auswirkungen von Meditation auf den momentanen emotionalen Zustand",2,2,14,9,NA,155,178,NA,"11.12.2017 17:09",1,0,3,4,0,0,"1.05",5,0.26169297324062846
212,NA,"x6wrxk","base","interview","deu","12.12.2017 10:43",51,2,22,2,3,2,NA,NA,NA,NA,NA,NA,NA,NA,NA,NA,NA,"",NA,"",NA,NA,NA,NA,NA,NA,NA,"",NA,NA,3,3,4,2,2,2,2,3,1,1,2,3,5,2,"den Effekt von Meditationsübungen auf den Affekt",4,5,18,17,NA,165,200,NA,"12.12.2017 10:47",1,0,3,4,0,0,"0.78",0,0.26281910323016827
213,NA,"gqtubb","base","interview","deu","14.12.2017 17:07",55,1,18,1,NA,2,NA,NA,NA,NA,NA,NA,NA,NA,NA,NA,NA,"",NA,"",NA,NA,NA,NA,NA,NA,NA,"",NA,NA,3,4,3,3,1,2,3,3,2,1,3,3,3,4,"Ob man dank Meditation einen positiven Einfluss in Bezug auf die eigene Gefühlslage und Entspanntheit spüren kann.",5,5,11,5,NA,204,220,NA,"14.12.2017 17:11",1,0,3,4,0,0,"1.37",24,0.27147242468824534
214,NA,"vo5yw9","base","interview","deu","14.12.2017 17:44",54,2,35,1,NA,1,4,4,3,2,1,2,1,2,1,1,1,"",1,"",1,2,2,2,1,1,1,"",1,2,3,4,4,2,1,1,4,3,1,2,1,2,5,4,"-Nachhaltigkeit eines meditativen Zustandes nach beenden der Meditation, auch unter Einfluß von Störgeräuschen.
od.
-Einfluss von Straßenlärm auf Stressempfinden.",4,4,13,20,90,332,455,NA,"14.12.2017 17:52",1,0,4,4,0,0,"0.76",5,0.27856719195225776
215,NA,"c97adl","base","interview","deu","18.12.2017 17:08",47,1,22,1,NA,1,4,3,3,3,1,2,1,1,1,1,2,"Shamatha",2,"Prajna Paramita",1,3,2,2,2,1,1,"",2,3,4,4,5,2,1,1,3,5,3,2,1,3,4,4,"Einfluss von Meditationserfahrung auf die Intensität der wahrgenommenen Gefühle",5,5,11,6,77,95,189,NA,"18.12.2017 17:11",1,0,4,4,0,0,"1.37",19,0.27243569930400624
216,NA,"4l470v","base","interview","deu","18.12.2017 17:39",53,1,29,1,NA,2,NA,NA,NA,NA,NA,NA,NA,NA,NA,NA,NA,"",NA,"",NA,NA,NA,NA,NA,NA,NA,"",NA,NA,4,4,3,1,1,2,3,3,1,1,2,2,4,4,"",5,4,14,7,NA,99,120,NA,"18.12.2017 17:41",1,0,3,4,5,4,"1.31",16,0.2775756425721762
218,NA,"d1rlro","base","interview","deu","16.04.2018 14:11",58,1,20,1,NA,2,NA,NA,NA,NA,NA,NA,NA,NA,NA,NA,NA,"",NA,"",NA,NA,NA,NA,NA,NA,NA,"",NA,NA,3,4,2,3,3,2,1,1,1,2,4,1,4,4,"Einwirkung von  Meditation auf Gefühle",4,3,12,10,NA,68,90,NA,"16.04.2018 14:13",1,0,3,4,0,0,"1.46",25,0.2938100022078934
219,NA,"jn0hau","base","interview","deu","16.04.2018 14:15",53,1,23,1,NA,2,NA,NA,NA,NA,NA,NA,NA,NA,NA,NA,NA,"",NA,"",NA,NA,NA,NA,NA,NA,NA,"",NA,NA,3,4,4,1,1,2,3,3,1,1,3,1,4,4,"Störgeräusche auf Meditation",5,3,8,3,NA,38,49,NA,"16.04.2018 14:16",1,0,3,4,0,0,"2.75",96,0.29967709004608983
220,NA,"1k9fh9","base","interview","deu","16.04.2018 14:16",52,1,18,1,NA,2,NA,NA,NA,NA,NA,NA,NA,NA,NA,NA,NA,"",NA,"",NA,NA,NA,NA,NA,NA,NA,"",NA,NA,4,4,3,2,1,3,3,2,3,1,3,2,4,4,"Medittion und Geräusche auf Emotion",4,4,8,4,NA,39,51,NA,"16.04.2018 14:17",1,0,3,4,0,0,"2.5",82,0.30347121159567914
