"file","subject","vl","time","age","gender","job","pmotiv","IMI_SK_1","IMI_SK_2","IMI_SK_3","IMI_SK_4","IMI_SK_5","IMI_SR_1","IMI_SR_2","IMI_SR_3","IMI_SR_4","IMI_SR_5","IMI_SR_6","IMI_SR_7","SVS1","SVS2","SVS3","Pinball","Pong","Snake","Tetris","ZahlenMerken","autonomie1","autonomie2","autonomie3","SMS5_1","SMS5_2","SMS5_3","SMS5_4","SMS5_5","ITW_1","ITW_2","ITW_3","ITW_4","ITW_5","ITW_6","BuchstabenMerken","QuadrateErinnern","VisuelleAnordnung","MatheaufgabenLösen","boomshine","SMS5_2r","SMS5_4r","ITW_3r","ITW_4r","ITW_6r","IMI_SK_5r","IMI_SR_2r","IMI_SR_6r","SMS5","SVS","ITW","IMI_SK","IMI_SR","game1","game2","game3","game4","game5","game6","gamesTotal","gamesFun","gamesWork","spielGefallen1","spielGefallen2","spielGefallen3","spielGefallen4","spielGefallen5","spielGefallen6","hits","total","BF"
2,"2h5ltr8k3h7ms7dh",1,"2023-12-15T22:23:27Z",19,"weiblich","Schüler:in","Ich tue jemandem einen Gefallen",0,0,0,0,4,2,2,4,2,3,1,2,5,3,5,NA,NA,NA,1,NA,2,2,2,6,3,3,0,3,3,5,3,1,5,2,NA,NA,NA,NA,NA,3,6,2,4,3,2,4,5,4.2,4.33333333333333,3.666666666666667,0.4,3.14285714285714,5,NA,NA,NA,NA,NA,1,0,1,"Es hat mir sehr viel Spaß gemacht",NA,NA,NA,NA,NA,0,1,1
3,"suf9aqyu1hm9fzqq",1,"2023-12-15T22:59:03Z",22,"weiblich","Student:in","Ich möchte die Wissenschaft unterstützen",0,0,0,0,3,3,2,3,2,4,0,1,2,1,2,NA,NA,1,1,1,1,2,1,4,1,3,4,1,5,5,0,0,5,0,1,1,1,NA,NA,5,2,5,5,5,3,4,6,3,1.66666666666667,5,0.6,3.28571428571429,9,7,5,NA,NA,NA,3,0,3,"Es hat mir mittelmäßig Spaß gemacht","Es hat mir keinen Spaß gemacht","Es hat mir viel Spaß gemacht",NA,NA,NA,2,3,0.920953240781421
4,"1xeeuymnx6ea6kue",1,"2023-12-16T10:04:30Z",21,"männlich","Student:in","Ich tue jemandem einen Gefallen",1,1,1,1,3,2,1,2,2,3,1,2,5,2,2,1,1,1,1,NA,2,2,2,4,2,2,2,2,4,4,2,1,4,1,NA,NA,NA,1,NA,4,4,3,4,4,3,5,5,3.2,3,3.833333333333333,1.4,3,1,NA,NA,NA,NA,NA,1,1,0,"Es hat mir viel Spaß gemacht",NA,NA,NA,NA,NA,0,1,0.8064860187232954
5,"x7fb6lyc71smshg2",1,"2023-12-16T11:26:34Z",21,"männlich","Student:in","Ich tue jemandem einen Gefallen",0,0,0,0,4,1,3,1,1,1,3,0,2,2,2,1,NA,1,1,NA,0,0,0,0,0,1,3,3,2,2,4,4,2,3,NA,1,1,1,NA,6,3,1,1,2,2,3,3,2.6,2,1.666666666666667,0.4,1.42857142857143,2,NA,NA,NA,NA,NA,1,1,0,"Es hat mir keinen Spaß gemacht",NA,NA,NA,NA,NA,0,1,0.7211208832794896
6,"d3omne55jxjn3ezv",1,"2023-12-16T13:13:15Z",20,"weiblich","Student:in","Ich tue jemandem einen Gefallen",0,0,0,0,3,3,1,3,3,3,0,1,7,6,6,1,1,1,1,1,3,3,3,2,3,2,5,1,1,1,3,2,2,3,1,1,NA,1,NA,3,1,2,3,2,3,5,6,1.8,6.33333333333333,1.833333333333333,0.6,3.42857142857143,6,NA,NA,NA,NA,NA,1,0,1,"Es hat mir viel Spaß gemacht",NA,NA,NA,NA,NA,0,1,0.6536729942131111
7,"u0uob5wmzpgu4xsh",1,"2023-12-16T13:16:16Z",21,"weiblich","Student:in","Ich möchte die Wissenschaft unterstützen",0,0,0,0,3,3,1,3,3,3,0,2,6,5,6,1,1,1,1,NA,2,1,1,4,1,3,3,2,4,4,1,1,3,1,NA,NA,1,NA,NA,5,3,4,4,4,3,5,6,3.4,5.66666666666667,3.833333333333333,0.6,3.57142857142857,5,NA,NA,NA,NA,NA,1,0,1,"Es hat mir wenig Spaß gemacht",NA,NA,NA,NA,NA,0,1,0.5985337536496722
8,"kejby4jv4qpbv9nq",1,"2023-12-16T13:37:34Z",22,"weiblich","Student:in","Ich tue jemandem einen Gefallen",0,0,0,0,4,2,1,2,2,3,1,0,10,7,10,1,1,1,1,NA,4,2,3,0,3,0,2,2,5,5,0,2,5,2,1,1,NA,1,NA,3,4,5,3,3,2,5,5,1.8,9,4.333333333333333,0.4,2.71428571428571,0,4,3,3,NA,NA,4,4,0,"Es hat mir wenig Spaß gemacht","Es hat mir mittelmäßig Spaß gemacht","Es hat mir mittelmäßig Spaß gemacht","Es hat mir keinen Spaß gemacht",NA,NA,3,4,0.7333264005607457
9,"yhx389teldwqpnas",1,"2023-12-16T15:58:54Z",22,"weiblich","Student:in","Ich tue jemandem einen Gefallen",0,0,0,0,4,2,1,3,2,3,1,0,8,8,9,NA,NA,1,NA,NA,3,2,1,0,6,0,3,0,2,2,3,3,2,2,NA,NA,NA,NA,NA,0,3,2,2,3,2,5,5,0.6,8.33333333333333,2.166666666666667,0.4,2.85714285714286,7,NA,NA,NA,NA,NA,1,0,1,"Es hat mir viel Spaß gemacht",NA,NA,NA,NA,NA,0,1,0.6743585698399204
10,"avudzxjvlncn06ew",1,"2023-12-16T17:34:15Z",20,"weiblich","Student:in","Ich möchte die Wissenschaft unterstützen",0,0,0,0,3,3,0,3,3,3,0,3,7,6,6,1,1,1,NA,NA,4,3,4,1,2,2,2,1,3,2,4,2,1,3,NA,NA,NA,1,1,4,4,1,3,2,3,6,6,2.4,6.33333333333333,2,0.6,3.85714285714286,8,2,NA,NA,NA,NA,2,1,1,"Es hat mir viel Spaß gemacht","Es hat mir mittelmäßig Spaß gemacht",NA,NA,NA,NA,1,2,0.6672189491857403
11,"dnjplyuxkw4whs9a",1,"2023-12-16T18:51:47Z",23,"weiblich","Student:in","Ich tue jemandem einen Gefallen",0,0,0,0,4,2,1,3,2,3,1,0,8,7,10,NA,NA,NA,NA,1,1,1,1,0,4,3,4,0,2,2,3,4,4,3,NA,1,NA,1,NA,2,2,2,1,2,2,5,5,1.4,8.33333333333333,2.166666666666667,0.4,2.85714285714286,0,7,NA,NA,NA,NA,2,1,1,"Es hat mir wenig Spaß gemacht","Es hat mir viel Spaß gemacht",NA,NA,NA,NA,1,2,0.6614540707217835
12,"8dvkdvvf0unmo4yr",1,"2023-12-16T20:57:18Z",23,"weiblich","Student:in","Ich tue jemandem einen Gefallen",0,0,0,0,4,1,4,3,1,0,4,0,0,0,0,NA,NA,NA,1,NA,0,0,0,4,1,2,2,6,4,4,0,0,0,0,NA,NA,NA,NA,NA,5,4,5,5,5,2,2,2,4.2,0,3.833333333333333,0.4,1.28571428571429,8,6,1,NA,NA,NA,3,1,2,"Es hat mir wenig Spaß gemacht","Es hat mir keinen Spaß gemacht","Es hat mir keinen Spaß gemacht",NA,NA,NA,2,3,0.72115894103902
13,"fpvdvqg7d9ok7137",1,"2023-12-17T09:32:08Z",38,"weiblich","Berufstätig","Ich tue jemandem einen Gefallen",0,0,0,0,0,3,2,3,3,3,1,2,10,7,10,NA,NA,NA,1,1,3,2,2,0,3,0,5,3,3,3,4,4,4,5,NA,NA,NA,1,NA,3,1,1,1,0,6,4,5,1.4,9,2,1.2,3.28571428571429,3,9,5,5,5,NA,5,1,4,"Es hat mir sehr viel Spaß gemacht","Es hat mir keinen Spaß gemacht","Es hat mir sehr viel Spaß gemacht","Es hat mir sehr viel Spaß gemacht","Es hat mir sehr viel Spaß gemacht",NA,4,5,0.9271005266187208
14,"ue4leoatffr1be36",1,"2023-12-17T09:37:03Z",45,"männlich","Berufstätig","Ich tue jemandem einen Gefallen",0,0,0,1,3,0,1,2,2,1,2,3,6,7,7,1,NA,NA,1,NA,1,2,2,4,5,5,4,5,1,2,4,3,4,5,NA,NA,NA,1,NA,1,2,1,2,0,3,5,4,3.4,6.66666666666667,1.666666666666667,0.8,2.42857142857143,5,NA,NA,NA,NA,NA,1,0,1,"Es hat mir mittelmäßig Spaß gemacht",NA,NA,NA,NA,NA,0,1,0.8505768698496257
15,"62tcww7ygn40yt46",1,"2023-12-17T09:46:15Z",45,"weiblich","Berufstätig","Ich möchte die Wissenschaft unterstützen",0,0,0,0,3,0,2,1,1,1,3,0,4,5,7,1,NA,NA,1,1,0,0,3,1,6,6,1,5,0,1,1,1,1,1,NA,NA,NA,NA,NA,0,5,4,4,4,3,4,3,3.4,5.33333333333333,2.333333333333333,0.6,1.42857142857143,6,3,NA,NA,NA,NA,2,1,1,"Es hat mir wenig Spaß gemacht","Es hat mir mittelmäßig Spaß gemacht",NA,NA,NA,NA,1,2,0.8519240819473015
16,"wk176z3maezohl79",1,"2023-12-17T09:58:40Z",18,"weiblich","Berufstätig","Ich tue jemandem einen Gefallen",2,0,0,0,2,3,1,2,3,3,0,3,7,8,5,NA,NA,1,1,NA,3,2,3,5,3,0,6,2,5,4,2,2,4,1,NA,NA,NA,NA,NA,3,0,3,3,4,4,5,6,2,6.66666666666667,3.833333333333333,1.2,3.57142857142857,6,NA,NA,NA,NA,NA,1,0,1,"Es hat mir sehr viel Spaß gemacht",NA,NA,NA,NA,NA,0,1,0.7847655642062187
17,"gu4c70ff28h87ojx",1,"2023-12-17T10:05:31Z",18,"männlich","Auszubildende:r","Ich tue jemandem einen Gefallen",0,0,0,0,4,2,2,3,3,3,2,3,7,3,9,NA,NA,1,NA,NA,2,2,3,3,3,2,3,1,2,2,3,4,3,1,NA,NA,NA,NA,NA,3,3,2,1,4,2,4,4,2.4,6.33333333333333,2.333333333333333,0.4,3.14285714285714,5,NA,NA,NA,NA,NA,1,0,1,"Es hat mir mittelmäßig Spaß gemacht",NA,NA,NA,NA,NA,0,1,0.72670373517632
18,"sfkmkse5c4l1e2my",1,"2023-12-17T11:19:28Z",18,"weiblich","Student:in","Ich tue jemandem einen Gefallen",1,0,2,0,1,2,1,3,2,2,1,0,3,2,2,1,1,1,1,NA,3,1,0,1,4,0,3,0,2,3,4,2,3,2,1,NA,NA,1,NA,2,3,1,3,3,5,5,5,1.2,2.33333333333333,2.5,1.6,2.71428571428571,9,NA,NA,NA,NA,NA,1,0,1,"Es hat mir viel Spaß gemacht",NA,NA,NA,NA,NA,0,1,0.6759632371788501
19,"6kg4ae59d7fj36mn",1,"2023-12-17T11:23:24Z",21,"männlich","Student:in","Ich möchte die Wissenschaft unterstützen",0,0,0,0,0,3,0,3,2,4,0,2,5,1,2,1,1,1,1,1,4,2,2,0,4,1,5,0,3,3,2,2,3,2,1,1,1,1,NA,2,1,3,3,3,6,6,6,0.8,2.66666666666667,3,1.2,3.71428571428571,4,NA,NA,NA,NA,NA,1,1,0,"Es hat mir sehr viel Spaß gemacht",NA,NA,NA,NA,NA,0,1,0.6312289218619184
20,"beanyfefwvbxfwyk",1,"2023-12-17T16:03:22Z",21,"weiblich","Student:in","Ich tue jemandem einen Gefallen",1,0,0,0,3,2,1,3,3,3,1,0,6,8,8,NA,1,1,1,1,3,1,1,0,4,0,3,0,2,2,3,3,3,3,1,1,NA,NA,NA,2,3,2,2,2,3,5,5,1,7.33333333333333,2.166666666666667,0.8,3,9,4,5,NA,NA,NA,3,1,2,"Es hat mir viel Spaß gemacht","Es hat mir mittelmäßig Spaß gemacht","Es hat mir viel Spaß gemacht",NA,NA,NA,2,3,0.6755181571864716
21,"bzu0wkzyoj84juf0",1,"2023-12-17T17:24:37Z",20,"weiblich","Student:in","Ich tue jemandem einen Gefallen",0,0,1,2,2,0,1,1,0,2,1,0,3,4,8,NA,1,NA,NA,NA,2,2,0,0,3,0,4,0,1,1,2,0,4,2,NA,NA,NA,1,NA,3,2,3,5,3,4,5,5,1,5,2.833333333333333,1.4,1.85714285714286,6,1,NA,NA,NA,NA,2,1,1,"Es hat mir viel Spaß gemacht","Es hat mir mittelmäßig Spaß gemacht",NA,NA,NA,NA,1,2,0.6747141984212223
22,"f67wjcv3hlvd2pqc",1,"2023-12-17T19:55:27Z",20,"weiblich","Student:in","Ich tue jemandem einen Gefallen",0,0,0,0,4,3,1,4,3,3,1,0,2,4,1,1,NA,1,1,1,0,0,0,0,3,4,4,1,4,4,0,0,5,0,1,1,NA,NA,NA,3,2,5,5,5,2,5,5,2,2.33333333333333,4.666666666666667,0.4,3.28571428571429,9,NA,NA,NA,NA,NA,1,0,1,"Es hat mir sehr viel Spaß gemacht",NA,NA,NA,NA,NA,0,1,0.6296240332821369
23,"2nar5tnormbsu4r2",1,"2023-12-19T06:28:31Z",37,"männlich","Berufstätig","Ich tue jemandem einen Gefallen",0,0,0,0,4,3,1,3,3,3,1,1,8,8,8,1,NA,1,1,NA,3,2,3,1,5,1,6,0,3,1,4,2,4,3,NA,NA,NA,NA,NA,1,0,1,3,2,2,5,5,0.6,8,2.333333333333333,0.4,3.28571428571429,0,8,NA,NA,NA,NA,2,1,1,"Es hat mir mittelmäßig Spaß gemacht","Es hat mir viel Spaß gemacht",NA,NA,NA,NA,1,2,0.6286214939934818
24,"7rvrl3m11gjaaa38",1,"2023-12-19T06:39:41Z",20,"männlich","Berufstätig","Ich tue jemandem einen Gefallen",0,0,0,0,4,2,1,4,2,2,2,1,8,5,8,NA,NA,NA,NA,NA,2,3,2,0,3,1,4,0,3,3,4,3,1,4,NA,NA,NA,1,1,3,2,1,2,1,2,5,4,1.2,7,1.833333333333333,0.4,2.85714285714286,6,3,8,0,NA,NA,4,2,2,"Es hat mir viel Spaß gemacht","Es hat mir viel Spaß gemacht","Es hat mir mittelmäßig Spaß gemacht","Es hat mir mittelmäßig Spaß gemacht",NA,NA,3,4,0.7270872207106073
25,"h2lkoyqc0p5l74rr",1,"2023-12-19T07:14:06Z",42,"männlich","Berufstätig","Ich tue jemandem einen Gefallen",0,0,0,0,3,2,2,2,1,1,2,1,9,8,8,1,NA,NA,NA,NA,2,2,2,4,4,3,4,5,3,2,3,2,2,2,NA,NA,NA,NA,NA,2,2,2,3,3,3,4,4,3.2,8.33333333333333,2.5,0.6,2.14285714285714,6,NA,NA,NA,NA,NA,1,0,1,"Es hat mir mittelmäßig Spaß gemacht",NA,NA,NA,NA,NA,0,1,0.6773848518164785
26,"fhctr1l884haudaa",1,"2023-12-19T16:08:24Z",23,"weiblich","Student:in","Ich tue jemandem einen Gefallen",0,0,0,0,4,3,1,2,2,2,0,2,9,9,9,NA,NA,1,1,NA,4,4,2,3,4,0,5,0,3,4,4,2,3,2,NA,NA,1,1,NA,2,1,1,3,3,2,5,6,1.2,9,2.833333333333333,0.4,3.14285714285714,9,NA,NA,NA,NA,NA,1,0,1,"Es hat mir viel Spaß gemacht",NA,NA,NA,NA,NA,0,1,0.6334533381835622
27,"zefp71k4uvuj6roj",1,"2023-12-19T20:48:41Z",21,"weiblich","Student:in","Ich tue jemandem einen Gefallen",0,0,0,0,4,3,2,3,2,2,2,1,4,1,3,NA,NA,NA,NA,NA,2,1,1,4,2,2,1,2,4,4,3,1,1,4,NA,NA,NA,1,NA,4,5,2,4,1,2,4,4,3.4,2.66666666666667,2.666666666666667,0.4,2.71428571428571,8,0,5,1,NA,NA,4,2,2,"Es hat mir viel Spaß gemacht","Es hat mir viel Spaß gemacht","Es hat mir sehr viel Spaß gemacht","Es hat mir keinen Spaß gemacht",NA,NA,3,4,0.7275535580988663
28,"64v6pn53vjz42cyl",1,"2023-12-20T07:29:04Z",21,"weiblich","Student:in","Ich möchte die Wissenschaft unterstützen",1,1,2,1,3,2,2,2,3,3,1,2,4,2,5,NA,NA,NA,NA,NA,1,0,0,1,2,2,3,0,1,1,3,3,2,3,NA,1,NA,NA,NA,4,3,2,2,2,3,4,5,2,3.66666666666667,1.666666666666667,1.6,3,6,NA,NA,NA,NA,NA,1,0,1,"Es hat mir wenig Spaß gemacht",NA,NA,NA,NA,NA,0,1,0.6797069843356939
29,"4jnhm0jj9kpn649d",1,"2023-12-20T08:40:44Z",22,"männlich","Auszubildende:r","Ich tue jemandem einen Gefallen",0,0,1,1,3,3,2,2,2,1,2,2,7,8,9,1,1,NA,1,NA,2,2,2,0,6,0,6,0,2,1,4,4,3,3,1,NA,NA,1,NA,0,0,1,1,2,3,4,4,0,8,1.666666666666667,1,2.57142857142857,0,7,NA,NA,NA,NA,2,1,1,"Es hat mir mittelmäßig Spaß gemacht","Es hat mir mittelmäßig Spaß gemacht",NA,NA,NA,NA,1,2,0.6802229530169802
30,"4lwnz7hektcuqamc",1,"2023-12-20T08:50:16Z",17,"männlich","Auszubildende:r","Ich tue jemandem einen Gefallen",0,0,0,0,3,3,1,3,3,2,1,2,4,7,7,NA,1,1,NA,NA,3,2,3,1,5,0,5,0,3,3,5,2,4,1,NA,1,NA,1,NA,1,1,0,3,4,3,5,5,0.6,6,2.833333333333333,0.6,3.28571428571429,3,NA,NA,NA,NA,NA,1,1,0,"Es hat mir sehr viel Spaß gemacht",NA,NA,NA,NA,NA,0,1,0.6371774611583517
31,"oozeyvz2048t0dnr",1,"2023-12-20T09:11:32Z",37,"männlich","Berufstätig","Ich tue jemandem einen Gefallen",0,0,0,0,4,2,2,2,2,2,2,0,3,0,1,1,1,1,NA,1,3,3,1,0,2,0,6,0,3,5,5,3,3,4,1,NA,NA,NA,NA,4,0,0,2,1,2,4,4,0.8,1.33333333333333,2.333333333333333,0.4,2.28571428571429,9,NA,NA,NA,NA,NA,1,0,1,"Es hat mir mittelmäßig Spaß gemacht",NA,NA,NA,NA,NA,0,1,0.5987162842868547
32,"9omfj8yx98ylrzlu",1,"2023-12-20T09:27:35Z",35,"männlich","Berufstätig","Ich tue jemandem einen Gefallen",0,0,0,0,3,2,2,1,1,1,2,2,5,2,4,1,NA,NA,1,NA,3,1,0,0,4,0,1,1,1,1,4,1,1,2,NA,NA,NA,NA,NA,2,5,1,4,3,3,4,4,1.6,3.66666666666667,1.833333333333333,0.6,2.14285714285714,8,NA,NA,NA,NA,NA,1,0,1,"Es hat mir viel Spaß gemacht",NA,NA,NA,NA,NA,0,1,0.5641593224838392
33,"m1jsd75umogfy1gm",1,"2023-12-20T10:27:35Z",20,"weiblich","Student:in","Ich tue jemandem einen Gefallen",0,0,1,2,3,2,1,3,2,3,2,1,8,7,6,1,NA,1,NA,NA,3,0,1,0,2,0,2,0,3,4,2,2,4,2,NA,NA,NA,NA,NA,4,4,3,3,3,3,5,4,1.6,7,3.333333333333333,1.2,2.85714285714286,4,NA,NA,NA,NA,NA,1,1,0,"Es hat mir viel Spaß gemacht",NA,NA,NA,NA,NA,0,1,0.5329558440304664
34,"n6dlhzx6qch5up01",1,"2023-12-20T11:29:27Z",23,"weiblich","Student:in","Ich tue jemandem einen Gefallen",0,0,0,0,3,1,1,2,1,3,3,0,3,3,1,NA,NA,1,NA,NA,0,0,0,4,2,6,1,4,3,3,3,1,4,2,NA,NA,NA,NA,NA,4,5,2,4,3,3,5,3,4.6,2.33333333333333,3.166666666666667,0.6,2.14285714285714,5,NA,NA,NA,NA,NA,1,0,1,"Es hat mir keinen Spaß gemacht",NA,NA,NA,NA,NA,0,1,0.504654640459728
80,"beybloexbkglx1m2",2,"2023-12-21T12:50:24Z",28,"weiblich","Berufstätig","Ich tue jemandem einen Gefallen",0,0,0,0,4,2,0,4,4,4,0,4,9,9,10,NA,NA,1,NA,NA,4,1,2,0,3,0,5,0,5,5,2,1,5,2,NA,NA,NA,NA,NA,3,1,3,4,3,2,6,6,0.8,9.33333333333333,4.166666666666667,0.4,4.28571428571429,4,NA,NA,NA,NA,NA,1,1,0,"Es hat mir sehr viel Spaß gemacht",NA,NA,NA,NA,NA,0,1,0.4788821897730299
81,"hhw8u6l7sa9o79bm",2,"2023-12-21T15:13:44Z",27,"weiblich","Berufstätig","Ich tue jemandem einen Gefallen",0,0,0,0,4,2,2,3,2,3,1,2,7,6,7,NA,NA,1,NA,NA,4,4,2,0,6,1,5,1,4,3,4,2,3,2,NA,NA,NA,NA,NA,0,1,1,3,3,2,4,5,0.6,6.66666666666667,2.833333333333333,0.4,3,2,0,NA,NA,NA,NA,2,2,0,"Es hat mir viel Spaß gemacht","Es hat mir viel Spaß gemacht",NA,NA,NA,NA,1,2,0.4779022875350509
82,"pllxmht5jq9mddr8",2,"2023-12-21T15:43:42Z",28,"männlich","Berufstätig","Ich tue jemandem einen Gefallen",0,0,0,0,4,2,1,2,2,2,2,0,7,7,7,1,1,NA,NA,NA,4,0,0,0,0,0,5,0,4,4,3,2,3,1,NA,NA,NA,NA,NA,6,1,2,3,4,2,5,4,1.4,7,3.333333333333333,0.4,2.42857142857143,9,NA,NA,NA,NA,NA,1,0,1,"Es hat mir viel Spaß gemacht",NA,NA,NA,NA,NA,0,1,0.4542536215543194
83,"cqj0mtmmskgry8lv",2,"2023-12-21T15:56:48Z",31,"weiblich","Berufstätig","Ich tue jemandem einen Gefallen",1,0,1,1,3,2,3,3,3,3,1,3,2,2,2,1,NA,1,1,NA,2,3,3,1,2,3,4,5,0,2,2,2,2,2,1,1,1,NA,NA,4,2,3,3,3,3,3,5,3,2,2.166666666666667,1.2,3.14285714285714,4,NA,NA,NA,NA,NA,1,1,0,"Es hat mir mittelmäßig Spaß gemacht",NA,NA,NA,NA,NA,0,1,0.43258514085604555
84,"mz61mj5olbjngrcn",2,"2023-12-21T16:36:20Z",29,"weiblich","Schüler:in","Ich tue jemandem einen Gefallen",0,0,0,0,3,0,4,2,2,4,2,4,7,4,4,NA,NA,NA,1,NA,4,2,2,0,1,6,4,1,1,0,3,3,3,3,NA,NA,NA,NA,NA,5,2,2,2,2,3,2,4,2.8,5,1.666666666666667,0.6,2.57142857142857,0,NA,NA,NA,NA,NA,1,1,0,"Es hat mir keinen Spaß gemacht",NA,NA,NA,NA,NA,0,1,0.4126681019087469
85,"c4cb6wru0khvgwkr",2,"2023-12-21T16:53:37Z",33,"männlich","Berufstätig","Ich tue jemandem einen Gefallen",2,0,2,0,3,2,2,1,2,4,0,0,2,2,2,1,NA,1,1,NA,0,3,1,2,5,1,5,0,3,4,1,2,3,2,NA,NA,NA,1,NA,1,1,4,3,3,3,4,6,1,2,3.333333333333333,1.4,2.71428571428571,7,NA,NA,NA,NA,NA,1,0,1,"Es hat mir mittelmäßig Spaß gemacht",NA,NA,NA,NA,NA,0,1,0.3943073921502952
86,"08ge7aqhh23zz0yg",2,"2023-12-21T21:47:11Z",26,"weiblich","Student:in","Ich tue jemandem einen Gefallen",0,0,0,0,3,2,1,3,1,1,3,0,4,6,4,1,1,1,1,NA,2,1,0,0,2,2,3,2,4,4,4,2,2,2,NA,1,NA,NA,NA,4,3,1,3,3,3,5,3,2.2,4.66666666666667,2.833333333333333,0.6,2.14285714285714,2,NA,NA,NA,NA,NA,1,1,0,"Es hat mir viel Spaß gemacht",NA,NA,NA,NA,NA,0,1,0.37733553351537946
87,"jrhgjj1xz8xt4mq8",2,"2023-12-22T15:08:14Z",26,"weiblich","Student:in","Ich tue jemandem einen Gefallen",0,0,0,0,4,2,2,3,2,2,1,0,8,7,8,NA,NA,NA,NA,1,3,1,1,1,4,1,5,0,4,4,3,1,1,2,NA,1,1,1,NA,2,1,2,4,3,2,4,5,1,7.66666666666667,3,0.4,2.57142857142857,0,NA,NA,NA,NA,NA,1,1,0,"Es hat mir wenig Spaß gemacht",NA,NA,NA,NA,NA,0,1,0.36160793750960185
88,"l6q959pq9dsfchna",2,"2023-12-22T15:19:23Z",26,"weiblich","Student:in","Ich tue jemandem einen Gefallen",0,0,0,0,3,2,3,3,2,1,1,0,8,7,8,NA,NA,NA,NA,1,3,1,1,1,5,1,5,0,4,4,3,1,1,1,NA,1,NA,NA,NA,1,1,2,4,4,3,3,5,0.8,7.66666666666667,3.166666666666667,0.6,2.28571428571429,7,5,NA,NA,NA,NA,2,0,2,"Es hat mir mittelmäßig Spaß gemacht","Es hat mir mittelmäßig Spaß gemacht",NA,NA,NA,NA,1,2,0.3604503487959355
35,"zwb7x0tnwywpvt3v",1,"2023-12-22T16:26:29Z",21,"weiblich","Student:in","Ich tue jemandem einen Gefallen",2,1,2,1,2,2,1,3,2,2,1,2,4,5,6,NA,NA,NA,NA,1,4,3,2,1,3,3,4,2,3,4,1,1,4,1,NA,NA,NA,NA,NA,3,2,4,4,4,4,5,5,2.2,5,3.833333333333333,2,3,5,1,2,NA,NA,NA,3,2,1,"Es hat mir viel Spaß gemacht","Es hat mir wenig Spaß gemacht","Es hat mir mittelmäßig Spaß gemacht",NA,NA,NA,2,3,0.37743912540276336
89,"gluk3qtytabskhac",2,"2023-12-23T09:58:56Z",25,"weiblich","Student:in","Ich tue jemandem einen Gefallen",0,0,0,0,3,3,1,3,3,3,1,0,7,8,9,NA,1,1,1,NA,3,2,2,0,5,0,5,0,4,3,3,1,2,2,NA,1,NA,NA,NA,1,1,2,4,3,3,5,5,0.4,8,3,0.6,3.14285714285714,8,3,NA,NA,NA,NA,2,1,1,"Es hat mir sehr viel Spaß gemacht","Es hat mir sehr viel Spaß gemacht",NA,NA,NA,NA,1,2,0.37650444226049157
36,"a4gzdys1dkvkvq6y",1,"2023-12-23T12:40:23Z",21,"weiblich","Berufstätig","Ich tue jemandem einen Gefallen",0,0,4,0,4,3,0,4,4,2,1,2,8,6,8,NA,NA,1,1,NA,3,3,3,1,5,3,3,1,4,4,1,2,4,2,NA,NA,NA,NA,NA,1,3,4,3,3,2,6,5,1.8,7.33333333333333,3.666666666666667,1.2,3.71428571428571,0,4,NA,NA,NA,NA,2,2,0,"Es hat mir viel Spaß gemacht","Es hat mir viel Spaß gemacht",NA,NA,NA,NA,1,2,0.3756401867941411
90,"utbmuo6caraqw9u3",2,"2023-12-23T15:44:10Z",26,"weiblich","Berufstätig","Ich möchte die Wissenschaft unterstützen",1,1,0,0,3,3,1,2,3,3,1,1,6,6,6,1,1,1,NA,NA,3,2,3,0,4,1,5,0,4,5,2,2,4,2,1,1,1,NA,1,2,1,3,3,3,3,5,5,0.8,6,3.666666666666667,1,3.14285714285714,2,7,0,3,NA,NA,4,3,1,"Es hat mir mittelmäßig Spaß gemacht","Es hat mir mittelmäßig Spaß gemacht","Es hat mir viel Spaß gemacht","Es hat mir sehr viel Spaß gemacht",NA,NA,3,4,0.4180756635648802
91,"vg3glo94w61znz3s",2,"2023-12-24T09:36:32Z",27,"männlich","Berufstätig","Ich tue jemandem einen Gefallen",0,0,0,0,4,3,1,3,2,2,1,0,6,7,6,NA,NA,NA,1,NA,3,2,3,3,4,3,4,1,3,3,2,2,2,2,NA,NA,NA,NA,NA,2,2,3,3,3,2,5,5,2.2,6.33333333333333,2.833333333333333,0.4,2.85714285714286,3,9,NA,NA,NA,NA,2,1,1,"Es hat mir mittelmäßig Spaß gemacht","Es hat mir wenig Spaß gemacht",NA,NA,NA,NA,1,2,0.41753971130554857
92,"ougsw97v5k0wyzx8",2,"2023-12-24T13:53:05Z",28,"männlich","Berufstätig","Ich tue jemandem einen Gefallen",0,0,0,0,3,3,1,2,3,2,2,0,8,9,9,1,1,1,1,1,1,1,0,0,0,0,6,0,1,1,3,1,3,4,1,1,1,NA,NA,6,0,2,4,1,3,5,4,1.2,8.66666666666667,2,0.6,2.71428571428571,0,NA,NA,NA,NA,NA,1,1,0,"Es hat mir mittelmäßig Spaß gemacht",NA,NA,NA,NA,NA,0,1,0.3988781804219596
93,"f1jnsqof8ghwsjf2",2,"2023-12-24T13:56:20Z",59,"männlich","Berufstätig","Ich tue jemandem einen Gefallen",0,0,0,0,3,4,0,4,4,1,0,0,3,3,10,1,1,1,NA,NA,0,0,0,0,6,0,3,0,5,5,3,3,1,5,NA,NA,1,NA,1,0,3,2,2,0,3,6,6,0.6,5.33333333333333,2.5,0.6,3.57142857142857,5,NA,NA,NA,NA,NA,1,0,1,"Es hat mir sehr viel Spaß gemacht",NA,NA,NA,NA,NA,0,1,0.381637876240202
94,"4fgsmvepvotkq0nz",2,"2023-12-24T14:27:45Z",36,"männlich","Student:in","Ich interessiere mich für das Thema Spiele",0,0,0,1,4,4,0,4,3,3,1,2,7,6,8,1,1,1,1,NA,2,1,1,3,4,3,2,3,1,1,4,4,2,4,NA,NA,NA,NA,1,2,4,1,1,1,2,6,5,3,7,1.166666666666667,0.6,3.85714285714286,4,NA,NA,NA,NA,NA,1,1,0,"Es hat mir sehr viel Spaß gemacht",NA,NA,NA,NA,NA,0,1,0.365669728591056
95,"hrqk7ot3s1adugjp",2,"2023-12-25T13:19:12Z",61,"männlich","Berufstätig","Ich tue jemandem einen Gefallen",2,4,1,0,3,4,0,1,3,3,0,0,2,2,2,1,NA,NA,NA,1,4,4,4,1,1,1,0,0,4,5,4,0,4,1,1,NA,NA,1,NA,5,6,1,5,4,3,6,6,2.6,2,3.833333333333333,2,3.28571428571429,3,2,3,7,0,NA,5,4,1,"Es hat mir viel Spaß gemacht","Es hat mir sehr viel Spaß gemacht","Es hat mir sehr viel Spaß gemacht","Es hat mir viel Spaß gemacht","Es hat mir sehr viel Spaß gemacht",NA,4,5,0.42971657270824976
96,"gfnhygo7x66uap3o",2,"2023-12-25T22:53:37Z",30,"männlich","Student:in","Ich tue jemandem einen Gefallen",1,0,1,4,1,2,2,1,1,2,3,1,4,5,7,1,NA,NA,1,NA,0,0,0,6,0,5,5,0,5,3,3,3,2,2,NA,NA,NA,NA,NA,6,1,2,2,3,5,4,3,3.6,5.33333333333333,2.833333333333333,2.2,2,8,3,6,NA,NA,NA,3,1,2,"Es hat mir wenig Spaß gemacht","Es hat mir mittelmäßig Spaß gemacht","Es hat mir wenig Spaß gemacht",NA,NA,NA,2,3,0.4511723135893134
97,"zfn861alzydgckjz",2,"2023-12-26T09:38:07Z",27,"männlich","Student:in","Ich tue jemandem einen Gefallen",3,2,1,3,2,2,3,2,1,2,2,1,6,5,7,1,1,1,NA,NA,4,3,3,6,3,3,3,3,4,2,3,1,3,1,1,NA,1,NA,NA,3,3,2,4,4,4,3,4,3.6,6,3.166666666666667,2.6,2.14285714285714,3,4,7,2,NA,NA,4,3,1,"Es hat mir mittelmäßig Spaß gemacht","Es hat mir sehr viel Spaß gemacht","Es hat mir mittelmäßig Spaß gemacht","Es hat mir wenig Spaß gemacht",NA,NA,3,4,0.5011887028912914
98,"6u9f9rcetk6xap3t",2,"2023-12-26T15:57:27Z",24,"weiblich","Student:in","Ich möchte die Wissenschaft unterstützen",1,1,1,1,2,2,1,2,2,3,1,3,8,6,6,1,NA,NA,1,NA,2,2,1,2,4,2,5,0,3,3,4,2,1,1,NA,NA,NA,NA,NA,2,1,1,3,4,4,5,5,1.4,6.66666666666667,2.5,1.6,3.14285714285714,6,5,NA,NA,NA,NA,2,0,2,"Es hat mir mittelmäßig Spaß gemacht","Es hat mir mittelmäßig Spaß gemacht",NA,NA,NA,NA,1,2,0.5014180812069678
99,"32d8jv0gsfvrtlyf",2,"2023-12-26T16:06:16Z",51,"männlich","Berufstätig","Ich tue jemandem einen Gefallen",1,1,1,1,4,3,1,3,2,3,0,0,8,8,8,1,1,1,1,1,0,0,0,0,1,5,5,0,5,5,4,3,5,2,NA,NA,1,1,NA,5,1,1,2,3,2,5,6,2.2,8,3.5,1.2,3.14285714285714,2,NA,NA,NA,NA,NA,1,1,0,"Es hat mir wenig Spaß gemacht",NA,NA,NA,NA,NA,0,1,0.47770380690766145
100,"hrgrcfavehf92oee",2,"2023-12-26T16:23:24Z",31,"männlich","Berufstätig","Ich interessiere mich für das Thema Spiele",2,0,1,1,3,4,1,3,3,3,0,0,8,7,8,1,1,1,1,NA,1,1,2,2,4,0,0,0,4,3,1,4,3,4,NA,NA,NA,NA,NA,2,6,4,1,1,3,5,6,2,7.66666666666667,2.666666666666667,1.4,3.42857142857143,1,NA,NA,NA,NA,NA,1,1,0,"Es hat mir viel Spaß gemacht",NA,NA,NA,NA,NA,0,1,0.45585109970482446
101,"2p2u3gdmfpspepj6",2,"2023-12-26T16:32:50Z",57,"weiblich","Berufstätig","Ich interessiere mich für das Thema Spiele",0,0,0,0,4,3,0,3,3,3,0,0,8,8,8,NA,NA,NA,NA,NA,4,1,0,0,5,0,5,0,0,1,1,4,3,5,NA,1,NA,NA,NA,1,1,4,1,0,2,6,6,0.4,8,1.5,0.4,3.42857142857143,7,NA,NA,NA,NA,NA,1,0,1,"Es hat mir mittelmäßig Spaß gemacht",NA,NA,NA,NA,NA,0,1,0.435660910464515
102,"8h7q9emzolmsytfj",2,"2023-12-28T16:58:36Z",44,"weiblich","Selbstständig","Ich möchte die Wissenschaft unterstützen",0,0,0,0,4,2,0,2,2,4,0,0,8,8,8,NA,NA,NA,1,NA,4,0,0,0,6,1,2,0,2,0,1,1,4,1,NA,NA,NA,NA,NA,0,4,4,4,4,2,6,6,1,8,3,0.4,3.14285714285714,1,4,9,NA,NA,NA,3,2,1,"Es hat mir keinen Spaß gemacht","Es hat mir keinen Spaß gemacht","Es hat mir viel Spaß gemacht",NA,NA,NA,2,3,0.45742670117938566
103,"n4zmxqa593kt65ln",2,"2023-12-28T16:59:16Z",18,"männlich","Arbeitslos","Ich tue jemandem einen Gefallen",1,0,1,1,3,3,2,3,3,3,2,0,8,6,7,NA,1,NA,1,1,2,0,1,0,0,1,1,2,0,1,3,4,1,4,NA,NA,NA,1,1,6,5,2,1,1,3,4,4,2.8,7,1,1.2,2.85714285714286,3,1,NA,NA,NA,NA,2,2,0,"Es hat mir viel Spaß gemacht","Es hat mir wenig Spaß gemacht",NA,NA,NA,NA,1,2,0.4575289704547993
104,"9y21kzzkez73ornw",2,"2023-12-28T17:02:31Z",27,"weiblich","Student:in","Ich tue jemandem einen Gefallen",0,0,0,0,4,2,1,3,3,3,1,2,8,8,10,1,1,1,1,NA,2,1,0,4,2,0,4,0,4,4,1,1,3,3,NA,NA,1,NA,NA,4,2,4,4,2,2,5,5,2,8.66666666666667,3.5,0.4,3.28571428571429,4,5,NA,NA,NA,NA,2,1,1,"Es hat mir sehr viel Spaß gemacht","Es hat mir mittelmäßig Spaß gemacht",NA,NA,NA,NA,1,2,0.45768081953195583
105,"5gheo9cyxr4pheyo",2,"2023-12-28T17:02:46Z",26,"weiblich","Berufstätig","Ich interessiere mich für das Thema Spiele",0,0,0,0,4,2,2,3,3,2,1,2,3,7,10,NA,NA,NA,1,NA,1,1,1,0,6,0,0,0,3,3,1,1,1,1,NA,NA,NA,NA,NA,0,6,4,4,4,2,4,5,1.2,6.66666666666667,3.166666666666667,0.4,3,4,NA,NA,NA,NA,NA,1,1,0,"Es hat mir sehr viel Spaß gemacht",NA,NA,NA,NA,NA,0,1,0.43717794285016404
106,"sg2yzd9alagbr1gz",2,"2023-12-28T20:12:08Z",20,"männlich","Student:in","Ich tue jemandem einen Gefallen",0,0,0,0,4,1,3,1,1,1,3,0,4,5,5,NA,1,NA,NA,NA,0,0,1,2,2,2,2,4,3,3,2,2,3,2,NA,NA,NA,NA,NA,4,4,3,3,3,2,3,3,3.2,4.66666666666667,3,0.4,1.42857142857143,7,NA,NA,NA,NA,NA,1,0,1,"Es hat mir mittelmäßig Spaß gemacht",NA,NA,NA,NA,NA,0,1,0.41820889669420497
107,"xltznufp64aax1mf",2,"2023-12-29T11:34:55Z",29,"weiblich","Berufstätig","Ich tue jemandem einen Gefallen",0,0,0,0,4,3,2,3,2,2,2,0,3,3,5,1,1,1,1,NA,1,1,0,1,3,1,3,1,1,1,4,3,2,3,NA,NA,NA,NA,NA,3,3,1,2,2,2,4,4,1.8,3.66666666666667,1.5,0.4,2.57142857142857,8,5,NA,NA,NA,NA,2,0,2,"Es hat mir mittelmäßig Spaß gemacht","Es hat mir wenig Spaß gemacht",NA,NA,NA,NA,1,2,0.4182005583892874
108,"mny76h446wxeg5uk",2,"2023-12-30T08:41:40Z",35,"männlich","Berufstätig","Ich tue jemandem einen Gefallen",0,0,0,0,4,1,2,2,1,1,3,0,4,3,4,NA,1,1,1,1,2,1,1,0,3,3,2,3,1,2,3,3,1,4,1,1,1,1,NA,3,4,2,2,1,2,4,3,2.6,3.66666666666667,1.5,0.4,1.71428571428571,4,NA,NA,NA,NA,NA,1,1,0,"Es hat mir mittelmäßig Spaß gemacht",NA,NA,NA,NA,NA,0,1,0.4005288259673083
177,"xr0m2s7p49byk5ro",3,"2023-12-30T10:15:32Z",25,"divers","Student:in","Ich tue jemandem einen Gefallen",0,0,0,0,4,3,0,2,2,3,0,2,7,5,7,NA,NA,NA,NA,1,3,2,1,0,2,0,5,0,3,3,2,2,4,2,NA,NA,NA,NA,NA,4,1,3,3,3,2,6,6,1,6.33333333333333,3.166666666666667,0.4,3.42857142857143,6,1,NA,NA,NA,NA,2,1,1,"Es hat mir mittelmäßig Spaß gemacht","Es hat mir viel Spaß gemacht",NA,NA,NA,NA,1,2,0.4004793063874118
178,"u88n64nwwzmhra9y",3,"2023-12-30T10:49:33Z",18,"weiblich","Schüler:in","Ich möchte die Wissenschaft unterstützen",0,0,2,0,4,3,1,3,3,3,0,2,6,7,8,NA,NA,NA,1,1,3,3,3,0,1,1,3,0,3,3,4,2,3,4,1,NA,1,1,NA,5,3,1,3,1,2,5,6,1.8,7,2.333333333333333,0.8,3.57142857142857,1,6,NA,NA,NA,NA,2,1,1,"Es hat mir wenig Spaß gemacht","Es hat mir viel Spaß gemacht",NA,NA,NA,NA,1,2,0.4004680798998395
179,"dz2necc5ymndt0z5",3,"2023-12-30T11:48:24Z",21,"weiblich","Student:in","Ich tue jemandem einen Gefallen",0,0,1,1,3,3,0,3,3,2,0,3,6,8,8,NA,NA,1,1,NA,1,0,2,0,0,0,4,0,3,4,4,3,3,2,NA,1,NA,NA,NA,6,2,1,2,3,3,6,6,1.6,7.33333333333333,2.666666666666667,1,3.71428571428571,7,7,8,0,NA,NA,4,1,3,"Es hat mir viel Spaß gemacht","Es hat mir mittelmäßig Spaß gemacht","Es hat mir sehr viel Spaß gemacht","Es hat mir viel Spaß gemacht",NA,NA,3,4,0.4424480988375518
180,"fnl0talz4a6u3dzd",3,"2023-12-30T12:41:37Z",20,"weiblich","Student:in","Ich tue jemandem einen Gefallen",0,0,0,0,4,3,1,3,3,3,1,1,6,3,5,NA,NA,NA,1,1,3,3,1,0,5,0,5,0,3,3,2,2,3,3,NA,1,1,1,NA,1,1,3,3,2,2,5,5,0.4,4.66666666666667,2.833333333333333,0.4,3.28571428571429,6,NA,NA,NA,NA,NA,1,0,1,"Es hat mir viel Spaß gemacht",NA,NA,NA,NA,NA,0,1,0.4231717639198829
181,"bl1a7ueqy7nz3g6v",3,"2023-12-30T15:33:57Z",27,"männlich","Student:in","Ich tue jemandem einen Gefallen",1,1,1,0,0,3,1,4,4,4,1,1,6,4,6,1,1,NA,1,NA,4,3,3,4,3,1,3,1,4,5,1,1,5,1,NA,NA,1,1,NA,3,3,4,4,4,6,5,5,2.4,5.33333333333333,4.333333333333333,1.8,3.71428571428571,4,NA,NA,NA,NA,NA,1,1,0,"Es hat mir viel Spaß gemacht",NA,NA,NA,NA,NA,0,1,0.4052984487304262
182,"vpuk7ydh5hfc4jhy",3,"2023-12-30T19:15:39Z",23,"männlich","Berufstätig","Ich tue jemandem einen Gefallen",0,0,0,2,2,2,0,1,2,3,1,0,7,5,8,NA,1,1,NA,1,1,0,1,6,4,6,4,4,5,5,1,0,5,1,1,NA,NA,NA,NA,2,2,4,5,4,4,6,5,4,6.66666666666667,4.666666666666667,1.2,2.71428571428571,0,8,NA,NA,NA,NA,2,1,1,"Es hat mir wenig Spaß gemacht","Es hat mir viel Spaß gemacht",NA,NA,NA,NA,1,2,0.40539380716422374
183,"cs9gtlkdtt48kytk",3,"2023-12-31T06:43:36Z",50,"männlich","Selbstständig","Ich tue jemandem einen Gefallen",0,0,0,0,4,1,2,0,1,1,3,0,9,8,10,1,NA,NA,NA,NA,2,1,0,0,6,0,4,0,0,0,4,4,0,4,NA,NA,NA,NA,NA,0,2,1,1,1,2,4,3,0.4,9,0.5,0.4,1.42857142857143,8,NA,NA,NA,NA,NA,1,0,1,"Es hat mir mittelmäßig Spaß gemacht",NA,NA,NA,NA,NA,0,1,0.3887082845232264
37,"h0p4ph24xh58mdrv",1,"2023-12-31T10:10:28Z",14,"männlich","Schüler:in","Ich tue jemandem einen Gefallen",0,0,0,0,3,1,3,2,1,1,3,0,2,0,4,1,1,1,1,NA,3,0,0,2,3,5,1,0,0,0,3,0,0,0,NA,NA,NA,1,NA,3,5,2,5,5,3,3,3,3,2,2,0.6,1.57142857142857,6,2,6,NA,NA,NA,3,1,2,"Es hat mir mittelmäßig Spaß gemacht","Es hat mir keinen Spaß gemacht","Es hat mir mittelmäßig Spaß gemacht",NA,NA,NA,2,3,0.407106729134634
184,"st3p7h7hfhpfpr93",3,"2023-12-31T12:30:54Z",33,"weiblich","Student:in","Ich tue jemandem einen Gefallen",0,0,1,1,4,3,1,3,3,2,0,0,7,8,8,NA,NA,1,NA,NA,1,3,4,0,1,1,5,5,0,1,1,2,1,1,NA,1,1,1,1,5,1,4,3,4,2,5,6,2.4,7.66666666666667,2.166666666666667,0.8,3.14285714285714,2,NA,NA,NA,NA,NA,1,1,0,"Es hat mir viel Spaß gemacht",NA,NA,NA,NA,NA,0,1,0.3903261011771681
38,"a5s8chakh7mjgc7f",1,"2023-12-31T14:12:08Z",43,"weiblich","Berufstätig","Ich denke, dass ich Spaß haben werde",1,0,2,0,4,3,1,3,3,4,0,0,9,7,10,NA,NA,NA,NA,1,2,2,2,1,3,1,6,0,0,0,1,5,1,5,1,NA,NA,NA,NA,3,0,4,0,0,2,5,6,1,8.66666666666667,0.833333333333333,1,3.42857142857143,4,1,0,3,6,NA,5,4,1,"Es hat mir keinen Spaß gemacht","Es hat mir keinen Spaß gemacht","Es hat mir viel Spaß gemacht","Es hat mir viel Spaß gemacht","Es hat mir sehr viel Spaß gemacht",NA,4,5,0.4527140431103925
109,"v11ldsy752jkszvc",2,"2023-12-31T19:13:01Z",27,"männlich","Student:in","Ich denke, dass ich Spaß haben werde",0,0,0,0,4,3,3,3,3,2,1,0,8,8,8,1,NA,1,1,NA,4,2,0,1,5,1,5,0,4,4,1,0,5,0,NA,NA,NA,NA,NA,1,1,4,5,5,2,3,5,0.8,8,4.5,0.4,2.71428571428571,6,NA,NA,NA,NA,NA,1,0,1,"Es hat mir viel Spaß gemacht",NA,NA,NA,NA,NA,0,1,0.43341266280134944
39,"fny1tfl4d0macjzd",1,"2023-12-31T21:31:18Z",21,"weiblich","Student:in","Ich denke, dass ich Spaß haben werde",0,0,0,0,3,3,0,4,3,3,0,1,8,8,9,1,NA,1,1,NA,0,0,4,0,6,0,6,0,3,2,2,2,3,2,1,NA,NA,NA,NA,0,0,3,3,3,3,6,6,0,8.33333333333333,2.833333333333333,0.6,3.71428571428571,9,7,NA,NA,NA,NA,2,0,2,"Es hat mir viel Spaß gemacht","Es hat mir mittelmäßig Spaß gemacht",NA,NA,NA,NA,1,2,0.4337437128114621
40,"ftdbbt3mgcww2cq0",1,"2023-12-31T21:46:36Z",13,"weiblich","Schüler:in","Ich tue jemandem einen Gefallen",1,1,1,1,2,3,1,2,2,3,2,2,5,7,5,NA,NA,1,NA,NA,2,2,2,3,3,3,2,4,2,4,1,1,4,2,NA,1,NA,NA,NA,3,4,4,4,3,4,5,4,3.4,5.66666666666667,3.5,1.6,3,5,7,0,0,NA,NA,4,2,2,"Es hat mir viel Spaß gemacht","Es hat mir mittelmäßig Spaß gemacht","Es hat mir sehr viel Spaß gemacht","Es hat mir sehr viel Spaß gemacht",NA,NA,3,4,0.47817274062852055
110,"ddbs986txwmm6aru",2,"2024-01-01T10:22:17Z",38,"männlich","Berufstätig","Ich interessiere mich für das Thema Spiele",0,0,0,0,0,2,1,2,2,2,2,0,6,5,7,NA,1,1,NA,NA,3,3,3,4,4,4,5,1,0,1,4,4,1,4,NA,NA,NA,NA,1,2,1,1,1,1,6,5,4,2.4,6,0.833333333333333,1.2,2.42857142857143,2,NA,NA,NA,NA,NA,1,1,0,"Es hat mir mittelmäßig Spaß gemacht",NA,NA,NA,NA,NA,0,1,0.45724497185435087
111,"efv3njlcpw4335ef",2,"2024-01-01T10:33:28Z",67,"weiblich","nicht näher bezeichnet","Ich möchte die Wissenschaft unterstützen",0,0,4,1,3,2,2,2,2,3,2,0,8,7,8,NA,1,NA,1,1,2,0,1,0,1,2,3,4,0,0,4,2,2,4,1,NA,1,NA,NA,5,3,1,3,1,3,4,4,2.8,7.66666666666667,1.166666666666667,1.6,2.42857142857143,0,NA,NA,NA,NA,NA,1,1,0,"Es hat mir wenig Spaß gemacht",NA,NA,NA,NA,NA,0,1,0.4378235339526635
41,"xefdmjknn87q8849",1,"2024-01-01T11:00:02Z",41,"männlich","Berufstätig","Ich tue jemandem einen Gefallen",0,0,0,0,4,1,3,2,1,1,2,0,10,10,7,NA,NA,NA,1,NA,3,0,0,0,6,0,6,0,2,3,3,3,3,1,NA,NA,NA,NA,NA,0,0,2,2,4,2,3,4,0,9,2.666666666666667,0.4,1.71428571428571,3,NA,NA,NA,NA,NA,1,1,0,"Es hat mir mittelmäßig Spaß gemacht",NA,NA,NA,NA,NA,0,1,0.41976239953798417
42,"14xvoegupgbhg4vs",1,"2024-01-01T11:37:32Z",39,"weiblich","Berufstätig","Ich tue jemandem einen Gefallen",0,0,0,0,4,1,2,2,2,2,2,2,8,2,6,1,NA,NA,1,NA,4,0,0,1,2,0,4,3,4,4,1,0,2,1,NA,1,1,NA,1,4,2,4,5,4,2,4,4,2,5.33333333333333,3.833333333333333,0.4,2.42857142857143,1,NA,NA,NA,NA,NA,1,1,0,"Es hat mir keinen Spaß gemacht",NA,NA,NA,NA,NA,0,1,0.4029330994084123
43,"jptt60zrv9y3wk5m",1,"2024-01-01T19:08:03Z",46,"männlich","Berufstätig","Ich möchte die Wissenschaft unterstützen",0,0,0,0,4,4,4,3,3,3,0,2,9,1,9,NA,NA,1,1,1,3,4,2,0,6,0,6,0,1,4,4,5,0,5,NA,1,NA,1,NA,0,0,1,0,0,2,2,6,0,6.33333333333333,1,0.4,3.28571428571429,2,8,NA,NA,NA,NA,2,1,1,"Es hat mir viel Spaß gemacht","Es hat mir sehr viel Spaß gemacht",NA,NA,NA,NA,1,2,0.4031719067863913
44,"gvsfcerp2tybrgvd",1,"2024-01-01T19:25:34Z",14,"männlich","Schüler:in","Ich tue jemandem einen Gefallen",0,0,0,0,3,2,1,3,3,2,2,3,6,3,9,NA,1,NA,NA,NA,1,2,0,3,4,5,1,5,4,3,2,3,2,2,NA,NA,NA,1,NA,2,5,3,2,3,3,5,4,4,6,2.833333333333333,0.6,3.14285714285714,5,0,NA,NA,NA,NA,2,1,1,"Es hat mir keinen Spaß gemacht","Es hat mir mittelmäßig Spaß gemacht",NA,NA,NA,NA,1,2,0.40343768097630905
185,"085am2exfpoo2ckk",3,"2024-01-02T11:08:46Z",25,"weiblich","Berufstätig","Ich denke, dass ich Spaß haben werde",1,0,0,0,3,3,1,3,3,3,0,1,8,8,8,NA,NA,NA,NA,NA,4,4,4,0,5,0,5,0,3,3,3,2,3,2,NA,NA,1,NA,NA,1,1,2,3,3,3,5,6,0.4,8,2.833333333333333,0.8,3.42857142857143,5,0,NA,NA,NA,NA,2,1,1,"Es hat mir viel Spaß gemacht","Es hat mir sehr viel Spaß gemacht",NA,NA,NA,NA,1,2,0.4037301229796172
112,"c0gpa07958rkf91p",2,"2024-01-02T13:37:52Z",24,"männlich","Berufstätig","Ich tue jemandem einen Gefallen",1,0,2,1,4,3,1,3,3,3,1,1,7,8,6,1,1,1,1,NA,3,3,1,3,4,1,5,1,2,3,4,4,3,4,NA,NA,NA,NA,1,2,1,1,1,1,2,5,5,1.6,7,1.833333333333333,1.2,3.28571428571429,0,7,NA,NA,NA,NA,2,1,1,"Es hat mir viel Spaß gemacht","Es hat mir mittelmäßig Spaß gemacht",NA,NA,NA,NA,1,2,0.40404895116898265
45,"rjm1bnvknxs457hr",1,"2024-01-02T15:08:23Z",19,"weiblich","Student:in","Ich tue jemandem einen Gefallen",0,0,0,0,4,3,1,3,2,1,1,0,8,5,8,NA,1,1,1,1,3,0,0,0,4,0,5,0,3,3,4,3,1,4,1,NA,NA,NA,NA,2,1,1,2,1,2,5,5,0.6,7,1.833333333333333,0.4,2.71428571428571,7,NA,NA,NA,NA,NA,1,0,1,"Es hat mir wenig Spaß gemacht",NA,NA,NA,NA,NA,0,1,0.38803884139933414
46,"6hy8v94ljbhl50hd",1,"2024-01-02T15:34:19Z",21,"männlich","Auszubildende:r","Ich tue jemandem einen Gefallen",1,1,1,1,3,2,2,2,2,3,2,2,7,5,6,1,1,1,NA,NA,3,2,2,1,3,3,2,3,2,2,2,3,2,1,NA,1,NA,NA,NA,3,4,3,2,4,3,4,4,2.8,6,2.5,1.4,2.71428571428571,9,5,NA,NA,NA,NA,2,0,2,"Es hat mir viel Spaß gemacht","Es hat mir mittelmäßig Spaß gemacht",NA,NA,NA,NA,1,2,0.38830487360666316
47,"9t06xopgxetomlh5",1,"2024-01-02T17:34:39Z",21,"männlich","Student:in","Ich tue jemandem einen Gefallen",0,0,0,1,4,2,2,2,2,2,2,2,6,3,5,NA,NA,1,NA,1,0,0,0,1,2,3,3,0,4,4,1,3,2,2,NA,1,NA,NA,NA,4,3,4,2,3,2,4,4,2.2,4.66666666666667,3.166666666666667,0.6,2.57142857142857,8,NA,NA,NA,NA,NA,1,0,1,"Es hat mir mittelmäßig Spaß gemacht",NA,NA,NA,NA,NA,0,1,0.37328261805039475
186,"gska5dbj9pt9dac5",3,"2024-01-02T18:14:46Z",29,"männlich","Berufstätig","Ich habe Langeweile / nichts besseres zu tun",0,0,0,0,4,1,2,2,0,2,2,0,2,2,2,NA,NA,1,NA,NA,2,2,0,0,0,3,0,0,3,3,3,3,3,3,NA,NA,NA,1,NA,6,6,2,2,2,2,4,4,3,2,2.5,0.4,1.85714285714286,2,NA,NA,NA,NA,NA,1,1,0,"Es hat mir keinen Spaß gemacht",NA,NA,NA,NA,NA,0,1,0.35923151414308946
48,"ld454ggxvc5acr9m",1,"2024-01-02T20:58:38Z",20,"weiblich","Student:in","Ich tue jemandem einen Gefallen",0,0,0,1,4,3,2,3,2,4,1,0,5,5,5,NA,NA,NA,NA,NA,2,1,0,6,3,6,0,5,3,4,2,3,5,0,NA,NA,NA,1,NA,3,6,3,2,5,2,4,5,5.2,5,3.666666666666667,0.6,3,6,0,0,3,NA,NA,4,3,1,"Es hat mir sehr viel Spaß gemacht","Es hat mir sehr viel Spaß gemacht","Es hat mir sehr viel Spaß gemacht","Es hat mir viel Spaß gemacht",NA,NA,3,4,0.39232307129950456
113,"nuzzuce1uk5ecobu",2,"2024-01-03T22:17:49Z",35,"männlich","Berufstätig","Ich tue jemandem einen Gefallen",0,0,0,0,4,3,2,3,2,3,2,2,8,8,8,1,1,1,1,NA,2,0,0,3,3,1,4,0,3,4,3,4,2,3,NA,NA,1,NA,NA,3,2,2,1,2,2,4,4,1.8,8,2.333333333333333,0.4,3,6,9,8,1,NA,NA,4,1,3,"Es hat mir mittelmäßig Spaß gemacht","Es hat mir wenig Spaß gemacht","Es hat mir wenig Spaß gemacht","Es hat mir mittelmäßig Spaß gemacht",NA,NA,3,4,0.429729182478211
114,"fbtcvwxlyv13ndm3",2,"2024-01-03T22:42:41Z",37,"männlich","Berufstätig","Ich tue jemandem einen Gefallen",0,0,0,0,0,3,1,2,1,1,0,0,8,9,10,NA,1,1,1,NA,2,2,3,0,4,0,4,0,0,3,5,4,1,4,NA,NA,1,NA,NA,2,2,0,1,1,6,5,6,0.8,9,1,1.2,2.57142857142857,0,NA,NA,NA,NA,NA,1,1,0,"Es hat mir mittelmäßig Spaß gemacht",NA,NA,NA,NA,NA,0,1,0.4123778698750324
115,"7s1xx8fd6t3c8z6o",2,"2024-01-04T04:54:23Z",24,"männlich","Berufstätig","Ich tue jemandem einen Gefallen",0,0,0,0,4,2,1,2,2,2,1,1,9,7,9,1,1,1,1,NA,4,3,3,3,3,1,4,2,2,2,2,3,2,3,NA,NA,NA,NA,NA,3,2,3,2,2,2,5,5,2.2,8.33333333333333,2.166666666666667,0.4,2.71428571428571,8,NA,NA,NA,NA,NA,1,0,1,"Es hat mir mittelmäßig Spaß gemacht",NA,NA,NA,NA,NA,0,1,0.39618261291426354
116,"bk5gwy08hm4tlv57",2,"2024-01-04T08:00:38Z",35,"weiblich","Berufstätig","Ich tue jemandem einen Gefallen",0,0,0,0,4,3,1,3,3,3,1,0,8,8,8,1,1,1,1,NA,3,0,0,0,5,0,5,0,0,1,4,5,0,4,NA,NA,1,1,1,1,1,1,0,1,2,5,5,0.4,8,0.5,0.4,3.14285714285714,8,NA,NA,NA,NA,NA,1,0,1,"Es hat mir viel Spaß gemacht",NA,NA,NA,NA,NA,0,1,0.3810398422083447
187,"myegx4r1r1q1m3qz",3,"2024-01-04T08:31:43Z",28,"weiblich","Student:in","Ich möchte die Wissenschaft unterstützen",0,0,0,0,4,3,2,2,2,3,1,0,9,10,10,1,NA,1,1,NA,4,4,4,0,3,0,6,0,3,4,5,2,3,4,NA,NA,NA,NA,NA,3,0,0,3,1,2,4,5,0.6,9.66666666666667,2.333333333333333,0.4,2.71428571428571,8,NA,NA,NA,NA,NA,1,0,1,"Es hat mir sehr viel Spaß gemacht",NA,NA,NA,NA,NA,0,1,0.36685746600421326
117,"wxwahknzzlooqoyz",2,"2024-01-04T09:24:08Z",33,"männlich","Berufstätig","Ich tue jemandem einen Gefallen",0,0,0,0,4,2,4,2,0,0,4,0,7,5,7,NA,1,1,NA,1,0,0,0,0,6,0,4,0,0,1,4,4,1,4,NA,NA,NA,NA,NA,0,2,1,1,1,2,2,2,0.4,6.33333333333333,0.833333333333333,0.4,1.14285714285714,6,0,6,NA,NA,NA,3,1,2,"Es hat mir mittelmäßig Spaß gemacht","Es hat mir keinen Spaß gemacht","Es hat mir keinen Spaß gemacht",NA,NA,NA,2,3,0.3825891104113881
118,"b60afn1zkxpvkdu7",2,"2024-01-04T10:18:19Z",46,"weiblich","Berufstätig","Ich tue jemandem einen Gefallen",0,0,0,0,3,2,1,2,1,2,2,0,2,2,3,NA,NA,NA,1,NA,1,1,1,1,2,2,0,1,4,4,2,0,1,1,NA,NA,NA,NA,1,4,6,3,5,4,3,5,4,2.8,2.33333333333333,3.5,0.6,2.28571428571429,0,NA,NA,NA,NA,NA,1,1,0,"Es hat mir keinen Spaß gemacht",NA,NA,NA,NA,NA,0,1,0.36832171777337086
119,"qopdb5xzkys6575y",2,"2024-01-04T12:13:14Z",21,"weiblich","Student:in","Ich denke, dass ich Spaß haben werde",0,0,0,0,3,3,1,3,3,3,1,4,6,5,6,NA,1,NA,1,NA,2,1,3,1,2,1,4,1,3,4,4,3,3,3,NA,NA,NA,1,NA,4,2,1,2,2,3,5,5,1.8,5.66666666666667,2.5,0.6,3.71428571428571,3,1,NA,NA,NA,NA,2,2,0,"Es hat mir sehr viel Spaß gemacht","Es hat mir wenig Spaß gemacht",NA,NA,NA,NA,1,2,0.3685906123826556
120,"5dh6gazz2u4vfhyc",2,"2024-01-04T12:52:22Z",14,"männlich","Schüler:in","Ich tue jemandem einen Gefallen",0,0,0,0,2,2,1,2,2,1,3,4,4,1,4,1,1,1,1,NA,0,0,0,0,1,1,2,1,5,3,3,3,3,3,NA,NA,NA,NA,NA,5,4,2,2,2,4,5,3,2.2,3,2.833333333333333,0.8,2.71428571428571,5,NA,NA,NA,NA,NA,1,0,1,"Es hat mir keinen Spaß gemacht",NA,NA,NA,NA,NA,0,1,0.3551503025041786
121,"erwpuyxvzuwg4zc5",2,"2024-01-04T12:55:26Z",18,"männlich","Schüler:in","Ich tue jemandem einen Gefallen",0,0,0,0,4,2,3,1,1,1,1,0,4,5,4,1,NA,1,1,NA,1,1,0,3,3,4,1,2,1,5,4,1,0,2,NA,NA,NA,NA,NA,3,5,1,4,3,2,3,5,3.4,4.33333333333333,2.333333333333333,0.4,1.85714285714286,1,9,7,NA,NA,NA,3,1,2,"Es hat mir wenig Spaß gemacht","Es hat mir mittelmäßig Spaß gemacht","Es hat mir keinen Spaß gemacht",NA,NA,NA,2,3,0.3701151137717147
122,"pdpmnzfp7sfedwvq",2,"2024-01-04T13:29:40Z",29,"weiblich","Student:in","Ich tue jemandem einen Gefallen",0,0,0,1,2,2,0,2,0,1,0,0,5,3,5,NA,1,1,1,NA,2,2,2,1,2,4,4,1,5,5,3,1,3,0,NA,1,NA,1,NA,4,2,2,4,5,4,6,6,2.4,4.33333333333333,4,1,2.42857142857143,1,4,3,NA,NA,NA,3,3,0,"Es hat mir mittelmäßig Spaß gemacht","Es hat mir keinen Spaß gemacht","Es hat mir mittelmäßig Spaß gemacht",NA,NA,NA,2,3,0.3861782126636742
123,"d7ajyfpj96yhty8g",2,"2024-01-04T13:38:37Z",34,"männlich","Berufstätig","Ich tue jemandem einen Gefallen",0,0,0,0,3,1,1,3,1,1,3,0,5,7,7,1,NA,1,NA,NA,4,4,4,0,5,4,2,0,3,4,4,4,3,1,NA,NA,NA,NA,NA,1,4,1,1,4,3,5,3,1.8,6.33333333333333,2.666666666666667,0.6,2,6,7,NA,NA,NA,NA,2,0,2,"Es hat mir wenig Spaß gemacht","Es hat mir mittelmäßig Spaß gemacht",NA,NA,NA,NA,1,2,0.38659621789914944
188,"cchxe5ffkjobjlhr",3,"2024-01-04T15:08:19Z",56,"männlich","Berufstätig","Ich tue jemandem einen Gefallen",0,0,0,0,4,3,2,2,2,3,1,0,5,4,5,1,NA,NA,NA,NA,3,1,0,4,4,1,4,0,4,3,2,3,2,3,NA,NA,NA,NA,NA,2,2,3,2,2,2,4,5,1.8,4.66666666666667,2.666666666666667,0.4,2.71428571428571,4,NA,NA,NA,NA,NA,1,1,0,"Es hat mir viel Spaß gemacht",NA,NA,NA,NA,NA,0,1,0.3720159114962563
124,"kbqcfhb8uh89r59k",2,"2024-01-04T15:10:32Z",29,"männlich","Student:in","Ich tue jemandem einen Gefallen",0,0,1,0,4,2,1,3,2,2,2,0,4,4,3,NA,1,1,1,NA,1,2,1,0,3,1,4,1,2,3,4,3,3,4,NA,NA,NA,NA,NA,3,2,1,2,1,2,5,4,1.4,3.66666666666667,2,0.6,2.57142857142857,0,NA,NA,NA,NA,NA,1,1,0,"Es hat mir mittelmäßig Spaß gemacht",NA,NA,NA,NA,NA,0,1,0.35834918271395233
125,"a32w5kt04u6csl41",2,"2024-01-04T16:01:27Z",67,"weiblich","Ruhestand","Ich tue jemandem einen Gefallen",0,0,0,0,3,3,2,3,3,3,1,2,8,8,8,NA,NA,NA,1,NA,2,1,0,5,5,1,5,3,2,2,3,3,2,3,NA,NA,NA,1,NA,1,1,2,2,2,3,4,5,2.2,8,2,0.6,3.28571428571429,2,NA,NA,NA,NA,NA,1,1,0,"Es hat mir mittelmäßig Spaß gemacht",NA,NA,NA,NA,NA,0,1,0.3455189722765845
126,"knup66hq1geofenj",2,"2024-01-04T17:47:52Z",21,"weiblich","Auszubildende:r","Ich tue jemandem einen Gefallen",0,0,0,0,3,3,1,3,2,2,1,3,5,4,5,NA,NA,NA,NA,NA,1,1,0,4,3,5,4,3,1,3,2,2,3,2,NA,NA,NA,1,NA,3,2,3,3,3,3,5,5,3.4,4.66666666666667,2.666666666666667,0.6,3.28571428571429,5,8,0,NA,NA,NA,3,1,2,"Es hat mir viel Spaß gemacht","Es hat mir viel Spaß gemacht","Es hat mir wenig Spaß gemacht",NA,NA,NA,2,3,0.3598718270482175
127,"xck59w5jzsvm90ex",2,"2024-01-04T20:05:50Z",32,"weiblich","Berufstätig","Ich tue jemandem einen Gefallen",0,0,0,0,4,2,2,3,3,3,1,0,9,10,10,1,1,1,1,NA,4,1,1,0,5,0,4,0,4,4,3,2,4,2,NA,NA,1,NA,NA,1,2,2,3,3,2,4,5,0.6,9.66666666666667,3.333333333333333,0.4,2.85714285714286,8,NA,NA,NA,NA,NA,1,0,1,"Es hat mir viel Spaß gemacht",NA,NA,NA,NA,NA,0,1,0.3469618195949397
128,"dbvpewf8e811cp04",2,"2024-01-04T20:22:11Z",19,"männlich","Student:in","Ich tue jemandem einen Gefallen",0,0,0,0,3,3,1,3,2,2,2,0,5,3,5,NA,1,1,1,NA,2,1,2,1,5,1,5,1,2,3,4,4,1,3,NA,NA,NA,1,NA,1,1,1,1,2,3,5,4,1,4.33333333333333,1.666666666666667,0.6,2.71428571428571,9,7,NA,NA,NA,NA,2,0,2,"Es hat mir mittelmäßig Spaß gemacht","Es hat mir viel Spaß gemacht",NA,NA,NA,NA,1,2,0.34723658244808137
49,"467rmdbrtsku4g74",1,"2024-01-04T23:30:42Z",22,"männlich","Student:in","Ich tue jemandem einen Gefallen",0,0,0,0,4,3,1,4,3,3,0,2,8,6,7,1,1,NA,NA,NA,4,4,4,0,6,0,5,0,1,2,4,3,4,2,NA,NA,NA,NA,NA,0,1,1,2,3,2,5,6,0.2,7,2.166666666666667,0.4,3.71428571428571,7,6,NA,NA,NA,NA,2,0,2,"Es hat mir viel Spaß gemacht","Es hat mir sehr viel Spaß gemacht",NA,NA,NA,NA,1,2,0.3475271737099568
50,"xvj24d9kct8yqude",1,"2024-01-05T02:17:01Z",21,"männlich","Auszubildende:r","Ich denke, dass ich Spaß haben werde",0,0,0,0,4,4,0,4,3,3,0,2,8,3,8,NA,NA,NA,NA,1,3,2,2,6,3,3,6,0,5,3,4,5,4,0,NA,NA,NA,NA,NA,3,0,1,0,5,2,6,6,2.4,6.33333333333333,3,0.4,4,9,NA,NA,NA,NA,NA,1,0,1,"Es hat mir viel Spaß gemacht",NA,NA,NA,NA,NA,0,1,0.3352884354153812
51,"xhh8bfpfqcaopjev",1,"2024-01-05T08:02:21Z",39,"männlich","Berufstätig","Ich tue jemandem einen Gefallen",0,0,0,0,4,4,0,4,4,4,0,3,10,10,10,NA,NA,1,NA,NA,4,0,0,0,6,6,0,0,2,0,5,3,5,2,NA,NA,NA,NA,NA,0,6,0,2,3,2,6,6,2.4,10,2,0.4,4.42857142857143,7,NA,NA,NA,NA,NA,1,0,1,"Es hat mir wenig Spaß gemacht",NA,NA,NA,NA,NA,0,1,0.3237717294470402
52,"w8xz27t9gmk3h93z",1,"2024-01-05T08:03:19Z",35,"männlich","Berufstätig","Ich tue jemandem einen Gefallen",0,0,2,1,3,2,1,2,1,2,2,1,4,4,6,1,NA,1,1,1,3,1,1,1,1,1,4,0,2,2,4,2,3,3,NA,NA,NA,1,NA,5,2,1,3,2,3,5,4,1.8,4.66666666666667,2.166666666666667,1.2,2.42857142857143,8,NA,NA,NA,NA,NA,1,0,1,"Es hat mir viel Spaß gemacht",NA,NA,NA,NA,NA,0,1,0.31291953866398486
129,"buoyyypfffp4728e",2,"2024-01-05T11:47:03Z",72,"männlich","Ruhestand","Ich möchte die Wissenschaft unterstützen",0,0,0,0,3,2,0,3,3,3,0,0,7,8,7,NA,NA,NA,NA,NA,0,0,0,0,4,0,4,0,3,3,1,2,2,0,1,1,1,1,NA,2,2,4,3,5,3,6,6,0.8,7.33333333333333,3.333333333333333,0.6,3.28571428571429,2,9,NA,NA,NA,NA,2,1,1,"Es hat mir keinen Spaß gemacht","Es hat mir viel Spaß gemacht",NA,NA,NA,NA,1,2,0.3130854507139936
130,"lbbby0rhc6k7mlyj",2,"2024-01-05T13:13:20Z",32,"männlich","Berufstätig","Ich tue jemandem einen Gefallen",2,0,1,1,2,2,2,2,2,2,2,1,7,7,7,1,1,1,1,NA,1,1,1,1,5,1,4,1,4,4,3,3,3,2,NA,NA,NA,NA,NA,1,2,2,2,3,4,4,4,1.2,7,3,1.6,2.42857142857143,6,NA,NA,NA,NA,NA,1,0,1,"Es hat mir mittelmäßig Spaß gemacht",NA,NA,NA,NA,NA,0,1,0.3028089692775697
189,"mk16jhzzaf5z5ros",3,"2024-01-05T14:15:13Z",18,"weiblich","Auszubildende:r","Ich tue jemandem einen Gefallen",0,0,0,0,3,3,1,3,3,3,1,2,2,3,9,1,NA,1,NA,NA,2,1,1,2,3,3,6,1,5,5,2,1,4,2,1,NA,NA,NA,1,3,0,3,4,3,3,5,5,1.8,4.66666666666667,4,0.6,3.42857142857143,9,NA,NA,NA,NA,NA,1,0,1,"Es hat mir viel Spaß gemacht",NA,NA,NA,NA,NA,0,1,0.2931023418202108
190,"rtm28gnlztdzv2cy",3,"2024-01-05T15:11:52Z",20,"weiblich","Berufstätig","Ich tue jemandem einen Gefallen",0,0,0,0,3,3,1,3,3,4,0,4,5,5,7,NA,NA,1,NA,1,1,1,0,1,2,3,2,0,1,2,3,4,2,3,1,1,NA,NA,NA,4,4,2,1,2,3,5,6,2.4,5.66666666666667,1.666666666666667,0.6,4,3,4,1,6,3,0,6,5,1,"Es hat mir wenig Spaß gemacht","Es hat mir viel Spaß gemacht","Es hat mir mittelmäßig Spaß gemacht","Es hat mir sehr viel Spaß gemacht","Es hat mir mittelmäßig Spaß gemacht","Es hat mir mittelmäßig Spaß gemacht",6,6,0.3614019551139001
191,"2tsycdwz6mqyahyy",3,"2024-01-05T16:50:38Z",22,"männlich","Arbeitslos","Ich habe Langeweile / nichts besseres zu tun",1,1,1,1,3,2,2,2,2,2,2,2,5,5,5,NA,NA,NA,1,NA,1,1,1,0,0,0,0,0,3,3,3,2,2,3,NA,NA,NA,NA,NA,6,6,2,3,2,3,4,4,2.4,5,2.5,1.4,2.57142857142857,5,0,NA,NA,NA,NA,2,1,1,"Es hat mir mittelmäßig Spaß gemacht","Es hat mir keinen Spaß gemacht",NA,NA,NA,NA,1,2,0.3617294505465235
192,"hl5t0m9wwbvkpk19",3,"2024-01-05T19:43:06Z",23,"männlich","Student:in","Ich tue jemandem einen Gefallen",0,0,0,0,4,3,1,3,3,4,0,2,4,5,7,1,1,NA,1,NA,3,1,0,3,1,5,3,5,5,5,1,2,1,2,NA,NA,1,1,NA,5,3,4,3,3,2,5,6,4.2,5.33333333333333,3.5,0.4,3.71428571428571,9,NA,NA,NA,NA,NA,1,0,1,"Es hat mir viel Spaß gemacht",NA,NA,NA,NA,NA,0,1,0.34950425799875406
131,"7pxum8z3e1tzdswf",2,"2024-01-05T19:50:29Z",20,"männlich","Berufstätig","Ich möchte die Wissenschaft unterstützen",0,2,2,0,2,4,0,4,4,4,0,0,10,10,5,1,1,1,NA,NA,0,0,0,0,3,1,1,2,4,5,4,1,2,1,NA,NA,NA,NA,NA,3,5,1,4,4,4,6,6,2.2,8.33333333333333,3.333333333333333,1.6,4,3,3,0,NA,NA,NA,3,3,0,"Es hat mir mittelmäßig Spaß gemacht","Es hat mir mittelmäßig Spaß gemacht","Es hat mir wenig Spaß gemacht",NA,NA,NA,2,3,0.36307547872798535
193,"u85yg3tu78f4v79b",3,"2024-01-05T20:00:47Z",33,"männlich","Berufstätig","Ich tue jemandem einen Gefallen",0,0,0,0,1,2,2,3,2,2,1,2,5,5,4,NA,NA,NA,1,NA,3,2,2,3,3,3,4,0,0,0,0,0,0,0,NA,NA,NA,1,NA,3,2,5,5,5,5,4,5,2.2,4.66666666666667,2.5,1,2.85714285714286,8,NA,NA,NA,NA,NA,1,0,1,"Es hat mir viel Spaß gemacht",NA,NA,NA,NA,NA,0,1,0.35077861663992593
53,"32ft1fq9u6rwh5vs",1,"2024-01-05T20:49:26Z",21,"weiblich","Student:in","Ich tue jemandem einen Gefallen",0,0,0,0,0,3,2,2,2,3,1,2,10,10,10,NA,NA,NA,NA,1,3,4,3,1,2,0,3,0,0,2,4,4,2,5,NA,NA,NA,NA,NA,4,3,1,1,0,6,4,5,1.6,10,1,1.2,3,7,3,5,NA,NA,NA,3,1,2,"Es hat mir viel Spaß gemacht","Es hat mir keinen Spaß gemacht","Es hat mir mittelmäßig Spaß gemacht",NA,NA,NA,2,3,0.3644467261489744
54,"zr6yustv99z3yt75",1,"2024-01-05T20:51:21Z",27,"männlich","Selbstständig","Ich tue jemandem einen Gefallen",0,0,0,0,4,1,1,1,1,1,1,0,10,5,5,1,NA,1,1,1,2,0,0,0,6,0,5,0,0,0,0,5,0,5,1,NA,NA,1,NA,0,1,5,0,0,2,5,5,0.2,6.66666666666667,0.833333333333333,0.4,2,1,5,5,1,NA,NA,4,2,2,"Es hat mir wenig Spaß gemacht","Es hat mir keinen Spaß gemacht","Es hat mir keinen Spaß gemacht","Es hat mir keinen Spaß gemacht",NA,NA,3,4,0.3946037956239735
55,"qgw8lffn4fu4xdh5",1,"2024-01-05T20:51:25Z",24,"divers","Ruhestand","Ich tue jemandem einen Gefallen",2,2,2,2,1,2,2,2,2,2,2,2,3,1,2,NA,NA,NA,NA,NA,3,1,1,2,3,1,2,2,3,2,3,1,2,2,NA,NA,1,NA,NA,3,4,2,4,3,5,4,4,2.4,2,2.666666666666667,2.6,2.57142857142857,9,NA,NA,NA,NA,NA,1,0,1,"Es hat mir mittelmäßig Spaß gemacht",NA,NA,NA,NA,NA,0,1,0.3806108991137292
194,"g6vhp3u2h3dh5bob",3,"2024-01-06T05:51:29Z",35,"männlich","Berufstätig","Ich tue jemandem einen Gefallen",1,0,1,0,3,3,1,2,2,3,1,4,8,9,9,1,1,1,1,NA,3,3,2,1,5,1,4,1,3,3,2,2,3,2,NA,NA,NA,NA,NA,1,2,3,3,3,3,5,5,1.2,8.66666666666667,3,1,3.42857142857143,4,NA,NA,NA,NA,NA,1,1,0,"Es hat mir sehr viel Spaß gemacht",NA,NA,NA,NA,NA,0,1,0.3674289268783858
56,"peh41ke5gdmckoe4",1,"2024-01-06T08:15:55Z",47,"weiblich","Berufstätig","Ich tue jemandem einen Gefallen",1,1,1,1,3,2,1,2,2,3,0,3,6,5,9,NA,NA,NA,NA,NA,3,2,0,0,4,0,4,0,4,4,1,1,1,1,1,NA,NA,NA,NA,2,2,4,4,4,3,5,6,0.8,6.66666666666667,3.5,1.4,3.28571428571429,8,NA,NA,NA,NA,NA,1,0,1,"Es hat mir mittelmäßig Spaß gemacht",NA,NA,NA,NA,NA,0,1,0.35499521440774345
195,"g5c7m0lv2r77uyl8",3,"2024-01-06T11:58:35Z",55,"weiblich","Berufstätig","Ich tue jemandem einen Gefallen",0,0,0,0,4,3,1,3,3,3,1,2,7,6,6,1,1,1,1,NA,3,2,1,0,4,2,4,0,3,3,2,1,0,1,NA,NA,NA,NA,NA,2,2,3,4,4,2,5,5,1.2,6.33333333333333,2.833333333333333,0.4,3.42857142857143,6,NA,NA,NA,NA,NA,1,0,1,"Es hat mir mittelmäßig Spaß gemacht",NA,NA,NA,NA,NA,0,1,0.3432530430445812
196,"nqy0j69af0vbukq9",3,"2024-01-06T14:08:58Z",25,"weiblich","Student:in","Ich tue jemandem einen Gefallen",2,1,1,1,3,3,1,2,2,4,0,2,5,4,7,1,1,1,NA,1,2,1,0,2,4,1,5,0,2,1,4,4,2,3,1,1,NA,1,NA,2,1,1,1,2,3,5,6,1.2,5.33333333333333,1.5,1.6,3.42857142857143,6,NA,NA,NA,NA,NA,1,0,1,"Es hat mir viel Spaß gemacht",NA,NA,NA,NA,NA,0,1,0.33215097855835
132,"qafwyp2w5oyoz7yg",2,"2024-01-06T17:54:50Z",28,"weiblich","Student:in","Ich tue jemandem einen Gefallen",0,0,0,0,4,3,0,3,2,3,2,0,9,6,10,1,1,1,1,NA,4,4,2,0,6,0,6,0,1,4,2,4,4,3,NA,NA,NA,NA,NA,0,0,3,1,2,2,6,4,0,8.33333333333333,2.5,0.4,3,8,1,NA,NA,NA,NA,2,1,1,"Es hat mir sehr viel Spaß gemacht","Es hat mir sehr viel Spaß gemacht",NA,NA,NA,NA,1,2,0.3324192056537364
133,"9pf6u2lp67rjy0e3",2,"2024-01-06T18:11:01Z",28,"weiblich","Berufstätig","Ich interessiere mich für das Thema Spiele",2,1,1,1,2,2,1,3,3,3,1,1,6,6,7,NA,1,1,1,1,1,0,0,0,5,0,5,0,1,1,1,3,1,2,1,1,NA,NA,1,1,1,4,2,3,4,5,5,0.4,6.33333333333333,2,1.8,3.14285714285714,6,7,NA,NA,NA,NA,2,0,2,"Es hat mir viel Spaß gemacht","Es hat mir viel Spaß gemacht",NA,NA,NA,NA,1,2,0.33269883843487363
197,"gc2957astqlu7z4t",3,"2024-01-06T20:38:21Z",27,"männlich","Student:in","Ich tue jemandem einen Gefallen",2,0,0,2,2,2,2,2,2,2,2,2,5,5,5,NA,NA,1,NA,1,2,2,2,3,5,0,5,0,3,3,5,5,1,5,1,1,1,1,NA,1,1,0,0,0,4,4,4,1,5,1.166666666666667,1.6,2.57142857142857,5,6,3,6,NA,NA,4,1,3,"Es hat mir mittelmäßig Spaß gemacht","Es hat mir viel Spaß gemacht","Es hat mir mittelmäßig Spaß gemacht","Es hat mir sehr viel Spaß gemacht",NA,NA,3,4,0.3586417041004951
134,"z7cect401zjmkm7w",2,"2024-01-06T20:39:48Z",27,"männlich","Berufstätig","Ich tue jemandem einen Gefallen",0,0,1,0,3,3,1,3,3,3,1,0,7,5,7,1,NA,NA,NA,NA,3,1,1,5,3,2,5,0,2,4,4,3,2,4,NA,NA,NA,NA,NA,3,1,1,2,1,3,5,5,2.2,6.33333333333333,2,0.8,3.14285714285714,5,NA,NA,NA,NA,NA,1,0,1,"Es hat mir mittelmäßig Spaß gemacht",NA,NA,NA,NA,NA,0,1,0.3467380272633499
135,"0aectza64rol6626",2,"2024-01-06T23:22:02Z",31,"weiblich","Berufstätig","Ich tue jemandem einen Gefallen",0,0,0,0,3,3,1,3,3,3,1,1,7,6,6,1,1,1,1,1,4,3,2,5,5,1,6,0,2,1,4,3,1,4,1,1,1,1,1,1,0,1,2,1,3,5,5,1.4,6.33333333333333,1.333333333333333,0.6,3.28571428571429,4,NA,NA,NA,NA,NA,1,1,0,"Es hat mir sehr viel Spaß gemacht",NA,NA,NA,NA,NA,0,1,0.3354842792942996
136,"jfqyf6rxc0a5c8o5",2,"2024-01-06T23:38:13Z",31,"weiblich","Berufstätig","Ich tue jemandem einen Gefallen",0,0,0,0,3,3,1,3,3,3,0,1,7,6,6,1,1,1,1,1,4,1,0,3,5,0,5,0,1,1,4,4,1,4,1,1,1,1,1,1,1,1,1,1,3,5,6,1,6.33333333333333,1,0.6,3.42857142857143,6,NA,NA,NA,NA,NA,1,0,1,"Es hat mir sehr viel Spaß gemacht",NA,NA,NA,NA,NA,0,1,0.324833022062998
57,"et5652mu4j5ndw5n",1,"2024-01-07T14:55:30Z",24,"weiblich","Student:in","Ich habe gehört, dass es etwas zu gewinnen gibt",1,1,1,1,3,0,1,1,0,0,3,0,7,7,6,NA,NA,1,NA,1,2,2,1,1,3,2,4,3,3,3,3,2,3,3,1,1,NA,1,NA,3,2,2,3,2,3,5,3,2.2,6.66666666666667,2.666666666666667,1.4,1.28571428571429,8,7,NA,NA,NA,NA,2,0,2,"Es hat mir viel Spaß gemacht","Es hat mir keinen Spaß gemacht",NA,NA,NA,NA,1,2,0.32510499026162437
137,"8sd3u1rmw5jxxad2",2,"2024-01-07T15:16:21Z",34,"weiblich","Berufstätig","Ich tue jemandem einen Gefallen",0,0,0,0,4,2,1,2,2,1,1,0,5,4,5,1,NA,1,1,NA,4,2,1,0,4,1,4,0,4,4,5,3,2,2,NA,NA,1,1,NA,2,2,0,2,3,2,5,5,1,4.66666666666667,2.5,0.4,2.42857142857143,0,1,0,NA,NA,NA,3,3,0,"Es hat mir wenig Spaß gemacht","Es hat mir viel Spaß gemacht","Es hat mir mittelmäßig Spaß gemacht",NA,NA,NA,2,3,0.33705339936755235
58,"tt9zlrm9z30ad2gn",1,"2024-01-07T15:52:26Z",23,"weiblich","Berufstätig","Ich denke, dass ich Spaß haben werde",0,0,0,0,3,2,3,3,2,0,2,0,4,2,3,1,1,1,1,NA,0,0,0,2,1,1,1,0,3,3,4,3,4,3,NA,NA,NA,NA,NA,5,5,1,2,2,3,3,4,2.6,3,2.5,0.6,2,7,8,5,NA,NA,NA,3,0,3,"Es hat mir keinen Spaß gemacht","Es hat mir mittelmäßig Spaß gemacht","Es hat mir mittelmäßig Spaß gemacht",NA,NA,NA,2,3,0.3497649691763187
59,"xfsbdyf7lw9r6op4",1,"2024-01-07T22:01:40Z",15,"weiblich","Schüler:in","Ich tue jemandem einen Gefallen",1,0,0,0,3,2,1,2,2,3,1,4,4,3,1,NA,NA,NA,1,NA,2,1,3,2,4,4,4,3,1,1,5,4,1,4,1,1,1,NA,NA,2,2,0,1,1,3,5,5,2.6,2.66666666666667,0.833333333333333,0.8,3.28571428571429,4,NA,NA,NA,NA,NA,1,1,0,"Es hat mir mittelmäßig Spaß gemacht",NA,NA,NA,NA,NA,0,1,0.33832959588811773
60,"r07utkzof1vo6f8f",1,"2024-01-07T22:12:06Z",52,"weiblich","nicht näher bezeichnet","Ich interessiere mich für das Thema Spiele",1,1,1,1,3,3,1,3,3,3,1,1,6,6,6,1,NA,NA,1,NA,3,2,2,0,3,1,6,0,4,3,2,2,2,3,NA,NA,NA,NA,NA,3,0,3,3,2,3,5,5,0.8,6,2.833333333333333,1.4,3.28571428571429,0,5,6,NA,NA,NA,3,1,2,"Es hat mir wenig Spaß gemacht","Es hat mir viel Spaß gemacht","Es hat mir sehr viel Spaß gemacht",NA,NA,NA,2,3,0.3511305602938122
138,"qsqm1ktfsy8mf3br",2,"2024-01-07T23:17:08Z",21,"männlich","Student:in","Ich möchte die Wissenschaft unterstützen",0,0,0,0,4,3,0,4,4,4,0,1,9,7,8,1,1,1,1,1,0,0,0,0,4,0,6,0,0,1,2,3,2,5,1,1,1,1,1,2,0,3,2,0,2,6,6,0.4,8,1.333333333333333,0.4,4,7,NA,NA,NA,NA,NA,1,0,1,"Es hat mir wenig Spaß gemacht",NA,NA,NA,NA,NA,0,1,0.3396254782306784
139,"4so88pv7l9bxuo55",2,"2024-01-08T08:55:00Z",24,"weiblich","Student:in","Ich tue jemandem einen Gefallen",0,0,0,0,3,3,1,3,3,3,1,0,8,8,8,NA,NA,1,1,1,1,1,1,0,4,0,4,0,2,3,3,3,2,4,1,1,1,1,NA,2,2,2,2,1,3,5,5,0.8,8,2,0.6,3.14285714285714,7,NA,NA,NA,NA,NA,1,0,1,"Es hat mir viel Spaß gemacht",NA,NA,NA,NA,NA,0,1,0.32874117056816315
61,"3slhssvvvga94oz1",1,"2024-01-08T09:22:00Z",63,"weiblich","Berufstätig","Ich möchte die Wissenschaft unterstützen",0,0,0,0,4,4,0,4,4,4,0,2,8,7,9,1,NA,NA,1,NA,2,2,0,0,6,0,6,0,1,4,4,4,0,4,NA,NA,NA,1,NA,0,0,1,1,1,2,6,6,0,8,1.333333333333333,0.4,4.28571428571429,1,3,3,6,2,7,6,4,2,"Es hat mir mittelmäßig Spaß gemacht","Es hat mir sehr viel Spaß gemacht","Es hat mir keinen Spaß gemacht","Es hat mir sehr viel Spaß gemacht","Es hat mir sehr viel Spaß gemacht","Es hat mir mittelmäßig Spaß gemacht",6,6,0.3989472594515713
140,"6nx18gqkbl720my9",2,"2024-01-08T11:03:02Z",28,"männlich","Berufstätig","Ich tue jemandem einen Gefallen",0,0,0,0,4,2,0,2,1,2,2,0,8,6,8,1,1,1,1,NA,2,0,1,1,4,0,6,3,1,2,4,4,2,3,NA,NA,NA,NA,NA,2,0,1,1,2,2,6,4,1.2,7.33333333333333,1.5,0.4,2.42857142857143,0,7,NA,NA,NA,NA,2,1,1,"Es hat mir viel Spaß gemacht","Es hat mir wenig Spaß gemacht",NA,NA,NA,NA,1,2,0.39954236999816317
198,"92rwyru3kpmtl0as",3,"2024-01-08T12:39:41Z",30,"weiblich","Berufstätig","Ich tue jemandem einen Gefallen",0,0,0,0,4,4,0,4,4,4,0,1,7,3,4,1,1,1,1,1,4,1,1,1,5,2,4,1,4,5,2,1,4,2,1,1,1,1,1,1,2,3,4,3,2,6,6,1.4,4.66666666666667,3.833333333333333,0.4,4.14285714285714,8,NA,NA,NA,NA,NA,1,0,1,"Es hat mir sehr viel Spaß gemacht",NA,NA,NA,NA,NA,0,1,0.38604130901488837
141,"w6zf1xd8eg14kv1l",2,"2024-01-08T13:02:29Z",25,"männlich","Student:in","Ich tue jemandem einen Gefallen",2,1,3,2,2,3,1,3,4,4,1,0,8,9,8,1,NA,1,1,1,1,1,0,1,1,0,5,1,2,1,4,3,1,3,NA,1,1,NA,1,5,1,1,2,2,4,5,5,1.6,8.33333333333333,1.5,2.4,3.42857142857143,8,NA,NA,NA,NA,NA,1,0,1,"Es hat mir mittelmäßig Spaß gemacht",NA,NA,NA,NA,NA,0,1,0.3732773952946732
142,"do0wpxrp7kstztsq",2,"2024-01-08T13:26:21Z",38,"männlich","Berufstätig","Ich tue jemandem einen Gefallen",0,0,0,0,3,3,2,3,3,4,0,2,9,10,10,1,1,1,1,NA,1,0,0,0,2,1,3,3,1,1,4,3,2,4,NA,NA,NA,NA,NA,4,3,1,2,1,3,4,6,2.2,9.66666666666667,1.333333333333333,0.6,3.57142857142857,0,8,NA,NA,NA,NA,2,1,1,"Es hat mir sehr viel Spaß gemacht","Es hat mir viel Spaß gemacht",NA,NA,NA,NA,1,2,0.37376744601355333
143,"s786tm2nr4sy76zr",2,"2024-01-08T14:47:08Z",37,"männlich","Berufstätig","Ich tue jemandem einen Gefallen",0,0,0,0,4,2,1,3,3,3,1,0,7,7,7,NA,NA,1,1,NA,3,3,2,0,5,1,5,0,5,4,4,3,5,2,1,1,1,NA,NA,1,1,1,2,3,2,5,5,0.6,7,3.333333333333333,0.4,3,0,NA,NA,NA,NA,NA,1,1,0,"Es hat mir mittelmäßig Spaß gemacht",NA,NA,NA,NA,NA,0,1,0.3616363839772742
62,"a6bbtaoh9soh6x6l",1,"2024-01-08T20:10:10Z",62,"weiblich","Berufstätig","Ich tue jemandem einen Gefallen",0,0,0,0,4,2,2,3,2,2,2,1,6,5,8,NA,NA,1,NA,NA,2,2,2,1,2,1,4,0,2,3,3,4,3,3,NA,NA,NA,NA,NA,4,2,2,1,2,2,4,4,1.6,6.33333333333333,2.166666666666667,0.4,2.57142857142857,0,NA,NA,NA,NA,NA,1,1,0,"Es hat mir mittelmäßig Spaß gemacht",NA,NA,NA,NA,NA,0,1,0.3501451813875188
144,"o07r8kscumdcv66n",2,"2024-01-09T06:43:25Z",36,"weiblich","Berufstätig","Ich tue jemandem einen Gefallen",1,0,0,0,3,3,1,3,3,4,0,1,9,8,8,NA,NA,1,1,NA,4,3,3,0,3,0,5,0,1,3,4,3,1,2,NA,NA,1,NA,NA,3,1,1,2,3,3,5,6,0.8,8.33333333333333,1.833333333333333,0.8,3.57142857142857,7,NA,NA,NA,NA,NA,1,0,1,"Es hat mir viel Spaß gemacht",NA,NA,NA,NA,NA,0,1,0.3392490382290555
199,"2wdo24spwe6dxshg",3,"2024-01-09T13:27:05Z",27,"männlich","Berufstätig","Ich möchte die Wissenschaft unterstützen",0,0,0,0,4,3,1,2,3,3,0,0,8,6,8,1,NA,1,1,NA,2,1,2,6,0,1,0,0,2,2,3,1,4,1,NA,NA,NA,1,NA,6,6,2,4,4,2,5,6,3.8,7.33333333333333,3,0.4,3.14285714285714,1,6,7,0,1,0,6,4,2,"Es hat mir viel Spaß gemacht","Es hat mir wenig Spaß gemacht","Es hat mir wenig Spaß gemacht","Es hat mir keinen Spaß gemacht","Es hat mir wenig Spaß gemacht","Es hat mir mittelmäßig Spaß gemacht",5,6,0.3924929873334803
200,"gh8jz9dq31rjzd50",3,"2024-01-09T15:00:31Z",26,"weiblich","Berufstätig","Ich habe Langeweile / nichts besseres zu tun",0,0,1,1,3,3,2,3,3,3,2,1,7,6,7,1,NA,1,NA,1,4,2,2,2,4,2,4,1,1,3,4,2,3,3,1,1,NA,NA,NA,2,2,1,3,2,3,4,4,1.8,6.66666666666667,2.166666666666667,1,3,6,NA,NA,NA,NA,NA,1,0,1,"Es hat mir viel Spaß gemacht",NA,NA,NA,NA,NA,0,1,0.3797441853494395
145,"7x9o8bza1klqzdc8",2,"2024-01-09T15:04:12Z",21,"männlich","Student:in","Ich tue jemandem einen Gefallen",0,0,0,0,4,4,0,4,4,3,1,4,7,2,7,NA,NA,NA,1,NA,0,2,3,2,3,2,6,0,4,3,3,2,0,2,NA,1,1,1,NA,3,0,2,3,3,2,6,5,1.4,5.33333333333333,2.5,0.4,4.28571428571429,6,0,NA,NA,NA,NA,2,1,1,"Es hat mir sehr viel Spaß gemacht","Es hat mir sehr viel Spaß gemacht",NA,NA,NA,NA,1,2,0.38025636912484984
63,"kb6q3buy6ph7q72t",1,"2024-01-09T15:08:40Z",20,"männlich","Auszubildende:r","Ich tue jemandem einen Gefallen",0,0,0,0,4,2,1,4,2,4,0,1,6,1,3,NA,NA,1,NA,1,2,2,0,6,3,6,0,4,1,2,5,3,1,4,NA,1,1,NA,NA,3,6,0,2,1,2,5,6,5,3.33333333333333,1.166666666666667,0.4,3.42857142857143,6,NA,NA,NA,NA,NA,1,0,1,"Es hat mir viel Spaß gemacht",NA,NA,NA,NA,NA,0,1,0.36812433609496753
146,"j7kuwdacdzpvygot",2,"2024-01-09T15:27:29Z",26,"männlich","Student:in","Ich möchte die Wissenschaft unterstützen",2,0,1,1,3,3,1,3,2,3,1,4,8,6,8,1,1,1,1,1,3,1,0,1,5,1,6,0,2,4,4,3,4,3,1,1,1,1,1,1,0,1,2,2,3,5,5,0.6,7.33333333333333,2.5,1.4,3.57142857142857,2,NA,NA,NA,NA,NA,1,1,0,"Es hat mir mittelmäßig Spaß gemacht",NA,NA,NA,NA,NA,0,1,0.3566177121783803
147,"1sd4eqhnd2all6t7",2,"2024-01-09T16:34:25Z",22,"männlich","Student:in","Ich tue jemandem einen Gefallen",0,0,0,0,4,2,1,3,2,3,2,0,6,4,7,1,1,1,NA,1,3,2,1,2,3,3,4,2,3,3,4,1,3,1,1,1,1,1,NA,3,2,1,4,4,2,5,4,2.4,5.66666666666667,3,0.4,2.71428571428571,5,NA,NA,NA,NA,NA,1,0,1,"Es hat mir wenig Spaß gemacht",NA,NA,NA,NA,NA,0,1,0.3456938311600848
148,"zofqlao9n4rykx44",2,"2024-01-09T18:38:22Z",39,"weiblich","Berufstätig","Ich tue jemandem einen Gefallen",0,0,0,0,3,3,1,3,3,3,0,0,6,4,6,NA,NA,1,1,1,4,4,0,0,5,0,5,0,0,0,3,3,3,4,1,1,1,NA,NA,1,1,2,2,1,3,5,6,0.4,5.33333333333333,1.333333333333333,0.6,3.28571428571429,7,6,4,8,NA,NA,4,1,3,"Es hat mir sehr viel Spaß gemacht","Es hat mir sehr viel Spaß gemacht","Es hat mir wenig Spaß gemacht","Es hat mir viel Spaß gemacht",NA,NA,3,4,0.37054570219486477
64,"t74u9y0s29dklfnc",1,"2024-01-09T19:22:10Z",18,"männlich","Auszubildende:r","Ich habe gehört, dass es etwas zu gewinnen gibt",0,0,0,0,4,1,3,2,2,3,1,0,8,3,7,NA,NA,1,NA,NA,0,0,0,0,0,0,0,0,0,0,3,3,2,3,NA,NA,NA,NA,NA,6,6,2,2,2,2,3,5,2.4,6,1.333333333333333,0.4,2.28571428571429,4,NA,NA,NA,NA,NA,1,1,0,"Es hat mir mittelmäßig Spaß gemacht",NA,NA,NA,NA,NA,0,1,0.35897922606735866
149,"v8qhdk8wqf1ylmq5",2,"2024-01-09T19:57:08Z",67,"männlich","Selbstständig","Ich tue jemandem einen Gefallen",0,0,0,0,3,2,1,3,2,2,1,0,8,6,7,1,NA,NA,NA,NA,1,1,0,0,3,1,3,3,2,2,4,3,2,3,NA,1,1,NA,NA,3,3,1,2,2,3,5,5,2,7,1.833333333333333,0.6,2.71428571428571,9,NA,NA,NA,NA,NA,1,0,1,"Es hat mir mittelmäßig Spaß gemacht",NA,NA,NA,NA,NA,0,1,0.34799679380346327
65,"0wlpmvoh41aq4sl1",1,"2024-01-09T21:27:17Z",21,"männlich","Auszubildende:r","Ich möchte die Wissenschaft unterstützen",0,0,0,0,4,4,0,4,4,4,0,2,10,3,10,NA,NA,NA,NA,NA,3,2,3,0,3,0,2,0,2,3,5,2,0,5,NA,NA,NA,1,NA,3,4,0,3,0,2,6,6,1.4,7.66666666666667,1.333333333333333,0.4,4.28571428571429,9,NA,NA,NA,NA,NA,1,0,1,"Es hat mir viel Spaß gemacht",NA,NA,NA,NA,NA,0,1,0.3375593629801857
150,"41tgphd89pf7k6yb",2,"2024-01-09T21:48:52Z",23,"weiblich","Auszubildende:r","Ich denke, dass ich Spaß haben werde",0,0,0,0,3,3,2,3,1,2,2,0,10,6,8,NA,NA,NA,NA,1,2,3,4,2,3,4,5,6,3,5,4,1,4,5,NA,NA,NA,NA,NA,3,1,1,4,0,3,4,4,3.2,8,2.833333333333333,0.6,2.42857142857143,5,NA,NA,NA,NA,NA,1,0,1,"Es hat mir viel Spaß gemacht",NA,NA,NA,NA,NA,0,1,0.3276310767704942
151,"jb17fbuyeqaotjvb",2,"2024-01-10T08:53:10Z",29,"weiblich","Berufstätig","Ich tue jemandem einen Gefallen",0,0,0,0,3,3,1,3,3,3,1,0,7,5,9,1,NA,1,1,NA,4,4,4,1,4,0,4,0,5,4,2,3,2,2,NA,1,1,NA,NA,2,2,3,2,3,3,5,5,1,7,3.166666666666667,0.6,3.14285714285714,0,NA,NA,NA,NA,NA,1,1,0,"Es hat mir viel Spaß gemacht",NA,NA,NA,NA,NA,0,1,0.3181789607247937
152,"w69kbm6w6pw9qk5g",2,"2024-01-10T10:41:33Z",25,"weiblich","Student:in","Ich tue jemandem einen Gefallen",0,0,0,0,4,3,0,2,2,3,0,0,9,8,9,NA,1,1,NA,1,3,2,1,0,5,0,5,0,3,3,4,4,2,4,1,1,1,NA,1,1,1,1,1,1,2,6,6,0.4,8.66666666666667,1.833333333333333,0.4,3.14285714285714,2,2,8,4,0,5,6,4,2,"Es hat mir mittelmäßig Spaß gemacht","Es hat mir mittelmäßig Spaß gemacht","Es hat mir viel Spaß gemacht","Es hat mir viel Spaß gemacht","Es hat mir viel Spaß gemacht","Es hat mir mittelmäßig Spaß gemacht",5,6,0.36440561076226347
153,"7a7a05vxeha2wamu",2,"2024-01-10T12:12:04Z",38,"männlich","Berufstätig","Ich tue jemandem einen Gefallen",1,1,1,1,1,3,1,3,2,2,0,2,6,3,6,1,NA,NA,1,1,4,3,2,4,3,0,3,0,3,4,0,0,0,0,1,NA,1,NA,NA,3,3,5,5,5,5,5,6,2,5,3.666666666666667,1.8,3.28571428571429,7,4,5,7,3,NA,5,2,3,"Es hat mir mittelmäßig Spaß gemacht","Es hat mir sehr viel Spaß gemacht","Es hat mir sehr viel Spaß gemacht","Es hat mir sehr viel Spaß gemacht","Es hat mir sehr viel Spaß gemacht",NA,4,5,0.4044486558664944
154,"cgjyq8bcv1yope2r",2,"2024-01-10T12:35:58Z",21,"weiblich","Auszubildende:r","Ich tue jemandem einen Gefallen",0,0,0,0,3,2,2,2,2,4,1,3,8,10,10,NA,NA,NA,1,NA,3,2,3,0,5,1,5,1,4,0,4,2,2,2,NA,NA,NA,NA,NA,1,1,1,3,3,3,4,5,0.8,9.33333333333333,2.166666666666667,0.6,3.14285714285714,8,NA,NA,NA,NA,NA,1,0,1,"Es hat mir viel Spaß gemacht",NA,NA,NA,NA,NA,0,1,0.39163987860353583
155,"5e2xj0ctq1qtqtyh",2,"2024-01-10T13:43:50Z",34,"männlich","Berufstätig","Ich möchte die Wissenschaft unterstützen",1,0,1,1,3,3,1,3,3,3,1,1,8,7,8,1,1,1,1,NA,1,1,1,2,3,2,4,2,2,3,3,3,2,3,NA,NA,NA,NA,1,3,2,2,2,2,3,5,5,2.2,7.66666666666667,2.166666666666667,1.2,3.28571428571429,3,2,6,1,NA,NA,4,3,1,"Es hat mir viel Spaß gemacht","Es hat mir viel Spaß gemacht","Es hat mir sehr viel Spaß gemacht","Es hat mir viel Spaß gemacht",NA,NA,3,4,0.4203904387862925
156,"08wl3f8b7c51ge2m",2,"2024-01-10T14:31:40Z",27,"männlich","Berufstätig","Ich tue jemandem einen Gefallen",0,0,0,0,4,1,3,1,1,1,3,0,3,1,2,1,1,1,1,NA,1,0,2,0,0,6,0,3,2,2,3,3,2,3,NA,NA,NA,1,NA,6,6,2,2,2,2,3,3,4.2,2,2,0.4,1.42857142857143,0,NA,NA,NA,NA,NA,1,1,0,"Es hat mir mittelmäßig Spaß gemacht",NA,NA,NA,NA,NA,0,1,0.4068240869930922
157,"84k95m47ncjmhq1q",2,"2024-01-10T16:06:39Z",31,"weiblich","Berufstätig","Ich tue jemandem einen Gefallen",1,0,0,1,3,3,0,3,3,2,1,1,7,5,6,1,1,1,1,1,3,1,2,2,3,2,2,1,3,2,4,4,2,3,NA,NA,NA,NA,NA,3,4,1,1,2,3,6,5,2.4,6,1.833333333333333,1,3.28571428571429,8,2,NA,NA,NA,NA,2,1,1,"Es hat mir mittelmäßig Spaß gemacht","Es hat mir viel Spaß gemacht",NA,NA,NA,NA,1,2,0.4074647093611693
66,"ua0p5l6uff62f8wh",1,"2024-01-10T16:07:00Z",38,"weiblich","Berufstätig","Ich tue jemandem einen Gefallen",0,0,0,0,4,1,3,2,1,1,2,0,1,1,2,NA,1,NA,1,1,3,1,1,0,4,1,5,0,0,0,2,2,0,2,1,NA,NA,1,NA,2,1,3,3,3,2,3,4,0.8,1.33333333333333,1.5,0.4,1.71428571428571,8,NA,NA,NA,NA,NA,1,0,1,"Es hat mir mittelmäßig Spaß gemacht",NA,NA,NA,NA,NA,0,1,0.39453877406404475
201,"v2ofg2kyxbx4b6p3",3,"2024-01-10T18:14:44Z",50,"männlich","Selbstständig","Ich tue jemandem einen Gefallen",0,0,0,0,3,2,2,2,2,2,2,1,8,8,8,NA,NA,1,1,1,4,4,1,0,6,0,6,0,3,3,3,3,2,2,NA,1,NA,1,NA,0,0,2,2,3,3,4,4,0,8,2.5,0.6,2.42857142857143,4,NA,NA,NA,NA,NA,1,1,0,"Es hat mir sehr viel Spaß gemacht",NA,NA,NA,NA,NA,0,1,0.38226636439431505
158,"l78thk7zsdyjtv32",2,"2024-01-10T22:25:51Z",32,"männlich","Berufstätig","Ich tue jemandem einen Gefallen",0,0,0,1,3,2,3,1,1,2,3,1,7,1,4,1,NA,NA,NA,NA,0,0,0,6,4,1,1,2,3,3,3,2,3,3,NA,NA,NA,NA,NA,2,5,2,3,2,3,3,3,3.2,4,2.666666666666667,0.8,1.85714285714286,8,NA,NA,NA,NA,NA,1,0,1,"Es hat mir mittelmäßig Spaß gemacht",NA,NA,NA,NA,NA,0,1,0.3706041021704965
159,"tvncmz665x8frmfa",2,"2024-01-11T07:58:50Z",24,"männlich","Student:in","Ich tue jemandem einen Gefallen",1,0,0,1,3,2,1,3,2,3,1,0,7,8,7,1,NA,NA,1,NA,2,0,0,0,3,1,4,0,5,5,1,1,5,1,NA,NA,1,NA,NA,3,2,4,4,4,3,5,5,1.2,7.33333333333333,4.5,1,2.85714285714286,5,NA,NA,NA,NA,NA,1,0,1,"Es hat mir mittelmäßig Spaß gemacht",NA,NA,NA,NA,NA,0,1,0.35951210259169364
160,"ccrbg6wymw9349k1",2,"2024-01-11T08:29:01Z",18,"männlich","Student:in","Ich tue jemandem einen Gefallen",2,1,1,2,1,3,0,3,3,3,0,0,8,8,9,1,1,1,1,1,2,1,0,1,2,0,4,0,4,3,1,3,3,0,NA,NA,NA,1,1,4,2,4,2,5,5,6,6,1.4,8.33333333333333,3.5,2.2,3.42857142857143,1,9,6,NA,NA,NA,3,1,2,"Es hat mir viel Spaß gemacht","Es hat mir sehr viel Spaß gemacht","Es hat mir viel Spaß gemacht",NA,NA,NA,2,3,0.37184253936140554
161,"xh4yv2jdanq49jbh",2,"2024-01-11T13:23:05Z",29,"männlich","Berufstätig","Ich tue jemandem einen Gefallen",0,0,0,0,4,2,2,2,2,2,2,0,5,5,5,NA,NA,NA,NA,NA,4,1,1,0,5,3,1,1,1,3,1,1,0,1,NA,NA,NA,1,NA,1,5,4,4,4,2,4,4,2,5,2.666666666666667,0.4,2.28571428571429,2,NA,NA,NA,NA,NA,1,1,0,"Es hat mir keinen Spaß gemacht",NA,NA,NA,NA,NA,0,1,0.36068764406227144
162,"g2n7uwllnded7bda",2,"2024-01-11T14:54:01Z",70,"männlich","Selbstständig","Ich tue jemandem einen Gefallen",0,0,0,0,3,0,2,1,2,1,2,0,8,7,8,NA,NA,NA,NA,NA,4,0,0,0,6,0,6,0,3,3,3,2,3,3,NA,NA,NA,NA,NA,0,0,2,3,2,3,4,4,0,7.66666666666667,2.666666666666667,0.6,1.71428571428571,9,1,5,NA,NA,NA,3,1,2,"Es hat mir keinen Spaß gemacht","Es hat mir keinen Spaß gemacht","Es hat mir keinen Spaß gemacht",NA,NA,NA,2,3,0.37310029653351295
202,"4hw3er3fd5lqh0xx",3,"2024-01-11T15:11:04Z",26,"weiblich","Student:in","Ich tue jemandem einen Gefallen",0,0,1,0,4,3,1,3,3,3,1,0,10,8,8,1,1,1,1,1,4,4,1,0,0,0,2,0,3,3,3,1,2,3,NA,1,1,NA,NA,6,4,2,4,2,2,5,5,2,8.66666666666667,2.666666666666667,0.6,3.14285714285714,5,NA,NA,NA,NA,NA,1,0,1,"Es hat mir wenig Spaß gemacht",NA,NA,NA,NA,NA,0,1,0.3618816758344816
203,"dl80j8ote3kjk4hj",3,"2024-01-11T15:23:28Z",45,"männlich","Berufstätig","Ich tue jemandem einen Gefallen",1,1,1,1,2,3,1,3,3,3,0,3,5,5,5,NA,NA,NA,NA,NA,4,4,3,0,4,1,4,0,0,2,3,4,3,3,NA,NA,NA,1,NA,2,2,2,1,2,4,5,6,1,5,1.666666666666667,1.6,3.71428571428571,4,NA,NA,NA,NA,NA,1,1,0,"Es hat mir sehr viel Spaß gemacht",NA,NA,NA,NA,NA,0,1,0.3512046691853423
204,"hktz888oe5brbqty",3,"2024-01-11T15:24:49Z",25,"weiblich","Student:in","Ich interessiere mich für das Thema Spiele",0,1,1,0,3,3,0,2,2,2,1,0,7,6,7,NA,NA,1,1,NA,3,2,3,0,4,0,5,0,2,4,4,3,2,1,NA,NA,NA,NA,NA,2,1,1,2,4,3,6,5,0.6,6.66666666666667,2.5,1,2.85714285714286,8,NA,NA,NA,NA,NA,1,0,1,"Es hat mir sehr viel Spaß gemacht",NA,NA,NA,NA,NA,0,1,0.3410348308641894
67,"cy9jh969zfo8ttfk",1,"2024-01-11T15:42:11Z",31,"weiblich","Berufstätig","Ich tue jemandem einen Gefallen",0,0,0,0,4,3,1,3,3,3,1,1,8,8,8,NA,NA,1,1,NA,4,4,1,0,4,0,4,0,4,4,4,2,4,2,NA,NA,NA,NA,NA,2,2,1,3,3,2,5,5,0.8,8,3.166666666666667,0.4,3.28571428571429,2,1,NA,NA,NA,NA,2,2,0,"Es hat mir wenig Spaß gemacht","Es hat mir viel Spaß gemacht",NA,NA,NA,NA,1,2,0.3414357497959885
205,"kfby89l457l07me4",3,"2024-01-11T17:08:58Z",45,"männlich","Berufstätig","Ich tue jemandem einen Gefallen",0,0,0,0,2,2,2,2,2,2,2,2,8,5,5,NA,1,1,1,NA,1,0,0,4,1,3,1,0,4,3,3,2,3,3,NA,NA,1,1,1,5,5,2,3,2,4,4,4,3.4,6,2.833333333333333,0.8,2.57142857142857,6,7,5,NA,NA,NA,3,0,3,"Es hat mir sehr viel Spaß gemacht","Es hat mir sehr viel Spaß gemacht","Es hat mir viel Spaß gemacht",NA,NA,NA,2,3,0.3528082661563377
68,"ag16xyfb0bnlam90",1,"2024-01-11T17:16:58Z",40,"weiblich","Berufstätig","Ich tue jemandem einen Gefallen",0,0,0,0,4,2,0,4,4,4,0,0,10,10,6,NA,NA,NA,1,NA,4,4,4,0,5,0,6,0,0,0,5,4,0,0,NA,NA,NA,NA,NA,1,0,0,1,5,2,6,6,0.2,8.66666666666667,1,0.4,3.71428571428571,1,8,NA,NA,NA,NA,2,1,1,"Es hat mir keinen Spaß gemacht","Es hat mir sehr viel Spaß gemacht",NA,NA,NA,NA,1,2,0.3532677505992539
163,"wlmqtup0v48d08p9",2,"2024-01-11T17:49:59Z",29,"weiblich","Berufstätig","Ich tue jemandem einen Gefallen",2,1,1,2,1,2,1,3,2,2,2,2,2,2,2,1,NA,NA,1,NA,3,4,3,1,3,1,5,0,3,3,3,2,3,2,1,NA,NA,NA,NA,3,1,2,3,3,5,5,4,1.2,2,2.833333333333333,2.2,2.85714285714286,7,5,9,4,NA,NA,4,1,3,"Es hat mir mittelmäßig Spaß gemacht","Es hat mir wenig Spaß gemacht","Es hat mir keinen Spaß gemacht","Es hat mir sehr viel Spaß gemacht",NA,NA,3,4,0.37774994559812597
164,"unuhrcfdl8joe2a4",2,"2024-01-11T18:01:42Z",23,"weiblich","Student:in","Ich tue jemandem einen Gefallen",1,0,1,1,3,3,0,3,2,3,1,2,4,4,4,NA,NA,NA,NA,1,1,0,1,1,4,0,5,1,3,3,3,3,3,3,NA,1,NA,1,NA,2,1,2,2,2,3,6,5,1,4,2.5,1.2,3.42857142857143,9,1,1,1,4,7,6,4,2,"Es hat mir viel Spaß gemacht","Es hat mir keinen Spaß gemacht","Es hat mir keinen Spaß gemacht","Es hat mir viel Spaß gemacht","Es hat mir viel Spaß gemacht","Es hat mir mittelmäßig Spaß gemacht",6,6,0.44969201955063315
69,"k0ckdmcxw7drdg3a",1,"2024-01-11T18:43:53Z",35,"männlich","Berufstätig","Ich tue jemandem einen Gefallen",0,0,0,0,4,4,0,4,4,4,0,0,9,9,9,NA,NA,NA,1,1,4,4,4,0,2,0,5,0,3,3,4,3,2,4,1,NA,NA,NA,NA,4,1,1,2,1,2,6,6,1,9,2,0.4,4,3,NA,NA,NA,NA,NA,1,1,0,"Es hat mir sehr viel Spaß gemacht",NA,NA,NA,NA,NA,0,1,0.43510930401161474
165,"ks9v3gsgupzkea08",2,"2024-01-11T20:32:51Z",27,"weiblich","Student:in","Ich möchte die Wissenschaft unterstützen",1,1,1,1,4,2,2,2,2,2,2,0,8,6,8,NA,NA,NA,NA,1,2,0,0,4,1,1,3,4,1,2,4,4,2,4,1,1,NA,1,NA,5,3,1,1,1,2,4,4,3.4,7.33333333333333,1.333333333333333,1.2,2.28571428571429,5,8,2,NA,NA,NA,3,1,2,"Es hat mir mittelmäßig Spaß gemacht","Es hat mir sehr viel Spaß gemacht","Es hat mir keinen Spaß gemacht",NA,NA,NA,2,3,0.45138325746726476
70,"69l93ltb7e8jyot6",1,"2024-01-12T06:00:08Z",27,"männlich","Arbeitslos","Ich tue jemandem einen Gefallen",0,0,0,0,2,2,2,2,2,3,1,2,3,3,3,NA,1,NA,NA,NA,2,1,2,3,3,3,3,1,3,2,3,2,1,2,NA,NA,NA,1,NA,3,3,2,3,3,4,4,5,2.6,3,2.333333333333333,0.8,2.85714285714286,8,NA,NA,NA,NA,NA,1,0,1,"Es hat mir mittelmäßig Spaß gemacht",NA,NA,NA,NA,NA,0,1,0.436710237298985
71,"7zowhdpcucefoels",1,"2024-01-12T11:49:30Z",35,"männlich","Berufstätig","Ich tue jemandem einen Gefallen",0,0,0,0,3,0,1,2,1,0,3,0,8,8,8,NA,NA,1,NA,NA,3,3,1,0,4,0,6,0,0,2,4,4,2,5,NA,NA,NA,1,NA,2,0,1,1,0,3,5,3,0.4,8,1,0.6,1.57142857142857,8,NA,NA,NA,NA,NA,1,0,1,"Es hat mir sehr viel Spaß gemacht",NA,NA,NA,NA,NA,0,1,0.42278559381537145
166,"l1o0stcnmvkg63h6",2,"2024-01-12T13:14:32Z",25,"männlich","Student:in","Ich tue jemandem einen Gefallen",0,0,0,0,4,3,0,3,3,3,1,0,7,4,8,NA,1,1,1,NA,4,1,1,0,6,0,6,0,5,5,4,2,3,5,NA,1,1,1,NA,0,0,1,3,0,2,6,5,0,6.33333333333333,2.833333333333333,0.4,3.28571428571429,6,NA,NA,NA,NA,NA,1,0,1,"Es hat mir viel Spaß gemacht",NA,NA,NA,NA,NA,0,1,0.40955970150519827
72,"3cvnjyxj5rvum8fc",1,"2024-01-12T16:27:57Z",23,"weiblich","Student:in","Ich tue jemandem einen Gefallen",0,0,0,0,4,2,0,2,2,2,1,1,7,5,7,1,1,1,1,NA,4,2,2,6,0,0,6,0,2,2,3,4,2,2,NA,NA,1,NA,NA,6,0,2,1,3,2,6,5,2.4,6.33333333333333,2,0.4,2.85714285714286,0,NA,NA,NA,NA,NA,1,1,0,"Es hat mir viel Spaß gemacht",NA,NA,NA,NA,NA,0,1,0.3969868984074605
73,"q8y9o383dhf1sz79",1,"2024-01-12T17:54:21Z",30,"weiblich","Berufstätig","Ich möchte die Wissenschaft unterstützen",1,1,2,0,2,3,1,3,2,3,1,1,7,5,6,NA,NA,NA,NA,1,2,2,2,3,3,3,5,0,1,2,4,4,2,4,1,1,NA,1,NA,3,1,1,1,1,4,5,5,2,6,1.333333333333333,1.6,3.14285714285714,7,NA,NA,NA,NA,NA,1,0,1,"Es hat mir viel Spaß gemacht",NA,NA,NA,NA,NA,0,1,0.3850251205285015
167,"q8xh4mnvfo9rk0bz",2,"2024-01-12T19:00:15Z",30,"weiblich","Student:in","Ich tue jemandem einen Gefallen",0,0,0,0,4,3,1,3,3,3,0,3,5,4,5,NA,NA,NA,1,NA,3,2,3,3,4,0,3,0,5,4,3,0,4,1,1,1,1,NA,1,2,3,2,5,4,2,5,6,1.6,4.66666666666667,4,0.4,3.71428571428571,6,2,4,4,NA,NA,4,3,1,"Es hat mir viel Spaß gemacht","Es hat mir sehr viel Spaß gemacht","Es hat mir sehr viel Spaß gemacht","Es hat mir viel Spaß gemacht",NA,NA,3,4,0.4118577147225494
168,"wzhe0br352671rej",2,"2024-01-12T20:22:48Z",36,"männlich","Berufstätig","Ich tue jemandem einen Gefallen",0,0,0,0,4,3,1,3,3,3,1,0,7,7,7,1,1,1,1,1,4,4,1,0,6,0,6,0,1,1,4,4,3,4,1,1,1,1,1,0,0,1,1,1,2,5,5,0,7,1.333333333333333,0.4,3.14285714285714,8,4,0,6,0,0,6,4,2,"Es hat mir viel Spaß gemacht","Es hat mir mittelmäßig Spaß gemacht","Es hat mir mittelmäßig Spaß gemacht","Es hat mir viel Spaß gemacht","Es hat mir mittelmäßig Spaß gemacht","Es hat mir viel Spaß gemacht",5,6,0.47312512305385
74,"65pca9t3a4k32941",1,"2024-01-12T22:09:10Z",21,"weiblich","Student:in","Ich habe Langeweile / nichts besseres zu tun",0,0,0,0,3,2,1,2,2,3,1,0,8,7,9,1,1,1,1,NA,1,1,1,4,5,1,2,0,4,4,0,1,4,1,NA,NA,NA,NA,1,1,4,5,4,4,3,5,5,2,8,4.166666666666667,0.6,2.71428571428571,1,NA,NA,NA,NA,NA,1,1,0,"Es hat mir wenig Spaß gemacht",NA,NA,NA,NA,NA,0,1,0.4577014836777835
169,"dy0hnzhbm1pn7ubb",2,"2024-01-12T23:25:37Z",27,"männlich","Selbstständig","Ich möchte die Wissenschaft unterstützen",0,0,0,0,3,2,2,3,3,3,1,0,8,9,7,1,1,1,1,1,1,0,1,2,4,5,2,6,4,2,3,4,3,3,NA,NA,NA,1,NA,2,4,2,1,2,3,4,5,3.8,8,2.333333333333333,0.6,2.85714285714286,5,NA,NA,NA,NA,NA,1,0,1,"Es hat mir wenig Spaß gemacht",NA,NA,NA,NA,NA,0,1,0.443060637304609
170,"hozkyu7lnl0nq7zy",2,"2024-01-12T23:44:43Z",25,"männlich","Student:in","Ich tue jemandem einen Gefallen",1,2,3,3,1,2,1,3,2,3,1,3,7,6,6,1,NA,1,NA,1,3,2,2,1,0,1,5,6,4,3,1,1,3,2,NA,1,1,1,1,6,1,4,4,3,5,5,5,3,6.33333333333333,3.5,2.8,3.28571428571429,0,0,NA,NA,NA,NA,2,2,0,"Es hat mir sehr viel Spaß gemacht","Es hat mir sehr viel Spaß gemacht",NA,NA,NA,NA,1,2,0.44388808883756226
75,"c8kd7l2yqgko9396",1,"2024-01-13T09:57:27Z",25,"weiblich","Student:in","Ich tue jemandem einen Gefallen",0,0,0,0,3,1,2,1,1,2,2,0,7,6,7,NA,NA,NA,NA,NA,1,0,0,0,2,0,5,0,2,3,4,3,1,2,NA,NA,NA,1,NA,4,1,1,2,3,3,4,4,1,6.66666666666667,2,0.6,1.85714285714286,4,NA,NA,NA,NA,NA,1,1,0,"Es hat mir keinen Spaß gemacht",NA,NA,NA,NA,NA,0,1,0.42991688545630485
76,"2ohaz4bda6tslz47",1,"2024-01-13T14:39:28Z",28,"männlich","Berufstätig","Ich denke, dass ich Spaß haben werde",0,0,0,0,4,4,1,3,3,4,0,2,8,0,8,1,NA,1,1,NA,3,3,3,0,5,0,6,0,1,2,5,5,1,4,NA,NA,NA,NA,NA,1,0,0,0,1,2,5,6,0.2,5.33333333333333,0.833333333333333,0.4,3.85714285714286,4,9,NA,NA,NA,NA,2,1,1,"Es hat mir sehr viel Spaß gemacht","Es hat mir mittelmäßig Spaß gemacht",NA,NA,NA,NA,1,2,0.4306920291962945
1,"pyywrzd11vtxwamo",NA,"2024-01-13T14:46:22Z",22,"männlich","Student:in","Ich möchte die Wissenschaft unterstützen",0,0,0,0,3,3,1,3,3,3,1,1,7,6,7,1,1,1,1,1,4,2,3,1,4,2,5,1,5,4,4,1,3,3,NA,NA,NA,NA,NA,2,1,1,4,2,3,5,5,1.4,6.66666666666667,3.166666666666667,0.6,3.28571428571429,7,1,NA,NA,NA,NA,2,1,1,"Es hat mir mittelmäßig Spaß gemacht","Es hat mir viel Spaß gemacht",NA,NA,NA,NA,1,2,0.4314766128425535
77,"bx76kfxs5ncrh1ru",1,"2024-01-13T14:47:27Z",29,"männlich","Berufstätig","Ich tue jemandem einen Gefallen",0,0,0,0,4,4,0,4,4,4,0,4,10,0,10,1,1,1,1,NA,4,4,4,0,4,0,4,0,0,0,5,5,5,0,NA,NA,NA,NA,NA,2,2,0,0,5,2,6,6,0.8,6.66666666666667,1.666666666666667,0.4,4.57142857142857,6,2,5,0,NA,NA,4,2,2,"Es hat mir sehr viel Spaß gemacht","Es hat mir sehr viel Spaß gemacht","Es hat mir mittelmäßig Spaß gemacht","Es hat mir sehr viel Spaß gemacht",NA,NA,3,4,0.46292042068691575
78,"gf6gtae8qbcb8pap",1,"2024-01-14T14:30:22Z",34,"männlich","Berufstätig","Ich tue jemandem einen Gefallen",1,1,1,1,3,2,1,2,2,2,1,1,7,7,7,NA,NA,NA,NA,NA,2,2,2,2,5,1,2,0,3,2,3,4,2,3,NA,NA,1,NA,NA,1,4,2,1,2,3,5,5,1.6,7,2,1.4,2.71428571428571,5,8,NA,NA,NA,NA,2,0,2,"Es hat mir mittelmäßig Spaß gemacht","Es hat mir mittelmäßig Spaß gemacht",NA,NA,NA,NA,1,2,0.4638628945867689
171,"bnl030qbnz8bugr0",2,"2024-01-14T20:47:40Z",22,"weiblich","Student:in","Ich tue jemandem einen Gefallen",1,0,1,0,3,3,1,2,3,2,1,0,4,9,4,NA,NA,1,1,1,3,2,0,0,2,1,4,0,5,4,4,4,4,2,1,1,NA,1,NA,4,2,1,1,3,3,5,5,1.4,5.66666666666667,3,1,2.85714285714286,1,5,NA,NA,NA,NA,2,1,1,"Es hat mir mittelmäßig Spaß gemacht","Es hat mir mittelmäßig Spaß gemacht",NA,NA,NA,NA,1,2,0.4648160331917403
172,"e0hejurejunzuoc2",2,"2024-01-15T13:24:00Z",21,"weiblich","Student:in","Ich tue jemandem einen Gefallen",0,0,0,1,4,3,1,3,3,3,2,1,8,8,8,1,1,NA,NA,NA,1,0,0,2,2,1,5,1,3,4,1,0,5,1,NA,NA,NA,1,NA,4,1,4,5,4,2,5,4,1.8,8,4.166666666666667,0.6,3.14285714285714,1,7,2,2,1,NA,5,4,1,"Es hat mir keinen Spaß gemacht","Es hat mir mittelmäßig Spaß gemacht","Es hat mir viel Spaß gemacht","Es hat mir mittelmäßig Spaß gemacht","Es hat mir wenig Spaß gemacht",NA,4,5,0.5182183051773602
79,"tal3wh1bvhea9xpm",1,"2024-01-15T19:49:16Z",36,"männlich","Berufstätig","Ich tue jemandem einen Gefallen",2,0,0,1,3,2,1,2,3,2,2,1,4,5,5,1,NA,1,1,NA,1,0,0,4,2,2,2,5,2,2,1,3,2,1,NA,NA,NA,NA,NA,4,4,4,2,4,3,5,4,3.8,4.66666666666667,2.666666666666667,1.2,2.71428571428571,9,NA,NA,NA,NA,NA,1,0,1,"Es hat mir mittelmäßig Spaß gemacht",NA,NA,NA,NA,NA,0,1,0.5005591839128161
173,"05fdkrfhp32lcczc",2,"2024-01-16T19:05:55Z",25,"weiblich","Berufstätig","Ich tue jemandem einen Gefallen",0,0,0,0,3,2,1,3,3,3,1,0,5,6,7,1,1,1,1,1,1,0,0,4,1,2,2,1,5,5,2,2,3,1,1,1,1,1,1,5,4,3,3,4,3,5,5,3.2,6,3.833333333333333,0.6,3,2,9,7,NA,NA,NA,3,1,2,"Es hat mir wenig Spaß gemacht","Es hat mir mittelmäßig Spaß gemacht","Es hat mir mittelmäßig Spaß gemacht",NA,NA,NA,2,3,0.5203680012071458
174,"syua246f7kvyys66",2,"2024-01-16T21:30:59Z",27,"weiblich","Berufstätig","Ich tue jemandem einen Gefallen",0,0,0,0,4,3,1,3,3,2,2,1,7,7,7,NA,NA,NA,1,NA,3,1,0,0,2,0,4,0,4,2,2,4,3,2,NA,NA,NA,1,NA,4,2,3,1,3,2,5,4,1.2,7,2.666666666666667,0.4,3,1,NA,NA,NA,NA,NA,1,1,0,"Es hat mir keinen Spaß gemacht",NA,NA,NA,NA,NA,0,1,0.5025925933869794
175,"yqmqykdtz7ghl7uz",2,"2024-01-17T20:05:38Z",59,"weiblich","Selbstständig","Ich denke, dass ich Spaß haben werde",0,0,0,0,4,2,1,3,3,3,1,0,9,9,9,NA,NA,1,NA,1,4,1,0,4,5,4,3,2,2,2,3,3,2,3,1,1,NA,1,NA,1,3,2,2,2,2,5,5,2.8,9,2,0.4,3,0,NA,NA,NA,NA,NA,1,1,0,"Es hat mir wenig Spaß gemacht",NA,NA,NA,NA,NA,0,1,0.4857513246301706
176,"mzb5wrndpmfgzdnk",2,"2024-01-20T18:09:31Z",32,"männlich","Student:in","Ich tue jemandem einen Gefallen",1,0,0,0,3,2,1,2,2,3,1,2,4,4,5,NA,NA,1,NA,NA,3,2,1,2,4,2,5,1,3,3,2,2,4,2,NA,NA,NA,NA,NA,2,1,3,3,3,3,5,5,1.6,4.33333333333333,3.166666666666667,0.8,3,8,NA,NA,NA,NA,NA,1,0,1,"Es hat mir viel Spaß gemacht",NA,NA,NA,NA,NA,0,1,0.4697811378668413
